url_name,mean,median
secura_dual_cestra,67.625,40.0
creeping_bullseye,11.636363636363637,5.0
mutalist_alad_v_assassinate_key,18.714285714285715,10
irradiating_disarm,27.22222222222222,20
antimatter_absorb,27.5,26.0
arcane_barrier,128.25,50.0
arcane_ice,16.107142857142858,10.0
telos_boltor,55.36363636363637,40
frost_prime_set,163.25,142.5
catalyzer_link,42.5,42.5
targeting_subsystem,33.833333333333336,29.0
strun_wraith_receiver,47.5,47.5
tectonic_fracture,26.444444444444443,15
mantis_set,47.473684210526315,30
acid_shells,27.5,18.5
nightwatch_napalm,34.4,30
quasar_drill,28,10
comet_blast,29.285714285714285,20
nebula_bore,24.333333333333332,5
kaszas_blade,28.666666666666668,15.0
velocitus_receiver,18.25,14.5
fluctus_barrel,20.2,15
fluctus_limbs,26,12
fluctus_stock,15.1,11.0
decurion_barrel,17.5,15.0
hydroid_prime_set,159.23809523809524,129
cleanse_corrupted,41.6,25
kappa_beacon,5250,5250.0
star_crimzian,2.875,2.0
virtuos_strike,34.041666666666664,21.0
hunter_adrenaline,18.176470588235293,15
viper_wraith,128.8,95.0
orokin_derelict_plaza_scene,err,err
grineer_shipyards_manufactory_scene,err,err
infested_ship_bridge_scene,err,err
lua_nursery_scene,95,95.0
corpus_gas_city_conduit_scene,err,err
grineer_settlement_reactor_scene,125,125.0
corpus_ice_planet_wreckage_scene,150,150
eidolon_madurai_lens,76.6,65
eidolon_vazarin_lens,72,67.0
eidolon_unairu_lens,92.5,92.5
zephyr_prime_chassis,8.875,5.0
mycona_colony_scene,err,err
pax_soar,40.76923076923077,40
redeemer_prime_blade,15.833333333333334,9.5
akjagara_prime_receiver,18.333333333333332,17.5
kitgun_riven_mod_(veiled),6.484848484848484,5
spectrosiphon,27.714285714285715,25.0
wolf_sledge_head,24.166666666666668,10.0
wolf_sledge_set,315.3333333333333,299
orb_vallis_scene,112.33333333333333,77
zhuge_prime_grip,10,5.0
freeze_force,30.6,39
swirling_tiger,14.555555555555555,10
quick_thinking,18.85185185185185,14
wyrm_prime_blueprint,42.714285714285715,30
spring_loaded_blade,23.6875,16.5
kinetic_diversion,15.5,10.0
power_throw,8.166666666666666,6.0
fateful_truth,err,err
malignant_force,17.363636363636363,10.0
superior_defenses,16.11111111111111,10
energy_inversion,21.571428571428573,15
shattering_justice,30.4,15
fast_hands,14.428571428571429,13
polar_magazine,13.866666666666667,10
rifle_amp,35.5,23.0
spare_parts,12.846153846153847,10
no_return,9.8,4
vaporize,15.666666666666666,10.0
vicious_spread,12.333333333333334,5.0
enemy_sense,14.25,9.0
blind_rage,66.28070175438596,79
rifle_ammo_mutation,20.636363636363637,15
imperator_vandal_barrel,45,20
orthos_prime_blade,10.375,8.0
loki_prime_systems,113.63636363636364,100
naramon_lens,7.666666666666667,5.0
coaction_drift,17.585365853658537,10
shotgun_savvy,15,10.0
volcanic_edge,15.6875,10.0
odonata_prime_harness,23.142857142857142,12
secondary_wind,57,57.0
odonata_prime_systems,18,10
point_strike,14.333333333333334,12.5
soaring_strike,17,17.0
pummel,15.666666666666666,14.5
velocitus_stock,25.11111111111111,15
rathbone_handle,33.8,23
rathbone_head,23.4,16.0
latron_wraith_barrel,41.666666666666664,18
heated_charge,11.666666666666666,10
system_reroute,60.035714285714285,13.5
gorgon_wraith_receiver,13.5,7.0
calculated_shot,97,97.0
vigor,22.88888888888889,12.0
hikou_prime_pouch,30,27.5
reaper_prime_blueprint,32.75,34.0
arcane_thrak_rhino_helmet,149.66666666666666,99
primed_point_blank,168.375,180.0
power_of_three,24.625,14.0
rhino_prime_neuroptics,38,30
disarming_purity,34.857142857142854,20
gorgon_wraith_stock,9.090909090909092,4
ballistica_prime_string,24,20
crossing_snakes,7.787878787878788,8
rejuvenation,45.44444444444444,40
dig,31.2,36
shredder,17.5,17.5
continuous_misery,16.8,14
vasto_prime_set,83.6,70
arcane_avalon_excalibur_helmet,200,200.0
thermite_rounds,24.115384615384617,15.0
arcane_flux_nova_helmet,100,100.0
telos_akbolto,64.11111111111111,50
arcane_aura_trinity_helmet,476.6666666666667,350
sancti_castanas,78,40
rift_strike,29.5,22.5
vulcan_blitz,27.444444444444443,20
arcane_gambit_vauban_helmet,86.66666666666667,100
arcane_chlora_saryn_helmet,250,250.0
arcane_esprit_vauban_helmet,161.25,147.5
arcane_trickery,29.43243243243243,20
oberon_prime_neuroptics,48.25,40.0
volt_prime_neuroptics,77,70.0
arcane_phoenix_ember_helmet,240,300
ballistica_prime_lower_limb,16.25,12.5
volt_prime_chassis,21.041666666666668,20.0
marquise_veridos,3,2.0
arcane_reverb_banshee_helmet,140,140
explosive_legerdemain,16.73913043478261,15
smite_corrupted,29.625,25.0
arcane_hemlock_saryn_helmet,212.5,200.0
vampire_leech,33.125,22.5
zhuge_prime_blueprint,10.357142857142858,7.5
ninkondi_prime_chain,11,5
zhuge_prime_receiver,21.636363636363637,15
zhuge_prime_set,90.73684210526316,60
wukong_prime_neuroptics,12.11111111111111,10.0
ruinous_extension,51.38461538461539,50
savagery,15.1,13.5
pistol_gambit,12.2,10.0
gleaming_blight,32.666666666666664,23
ember_prime_neuroptics,27.272727272727273,18
lingering_torment,15.6,14
hammer_shot,90.96666666666667,82.5
primed_shotgun_ammo_mutation,203.94736842105263,220
arcane_velocity,54.63461538461539,62.5
nyx_prime_blueprint,14.133333333333333,10
dera_vandal_stock,32,23
karak_wraith_blueprint,24,18
nyx_prime_systems,10.928571428571429,10.0
swing_line,35.666666666666664,22.5
dual_kamas_prime_set,207.30769230769232,199
measured_burst,err,err
safeguard_switch,26,15
prisma_shade,144.71428571428572,130
gas_city_lobby_scene,12.5,12.5
overextended,29.11111111111111,17
protect,41.8,50
total_eclipse,19.666666666666668,15
arcane_pulse_volt_helmet,499.75,299.5
vigilante_pursuit,18.125,10.0
purging_slash,37.2,29
arcane_gauss_mag_helmet,237.5,237.5
ancient_fusion_core,3000,3000.0
furax_wraith_right_gauntlet,25.666666666666668,10.0
auger_strike,60.714285714285715,30
nyx_prime_neuroptics,51.083333333333336,41.5
rhino_prime_blueprint,48.88235294117647,39
steady_hands,8.80952380952381,7
tigris_prime_receiver,13.833333333333334,10.0
energy_conversion,71.92592592592592,66
arcane_resistance,37.30769230769231,9
lethal_torrent,28.096774193548388,20
war_blade,19.416666666666668,10.0
detect_vulnerability,88.44444444444444,69
elemental_sandstorm,32.5,32.5
steel_fiber,52.666666666666664,40
magazine_extension,22.75,23.5
concealed_explosives,11.31578947368421,10
primed_ravage,130.0212765957447,100.0
depleted_reload,11.565217391304348,5
helios_prime_carapace,9.9,8.0
wyrm_prime_systems,92.14285714285714,80
trinity_prime_neuroptics,34.5,36.5
mind_freak,24.555555555555557,20
fang_prime_handle,13.285714285714286,10
streamline,10.4375,7.5
insulation,16.5,15.0
pressurized_magazine,9.333333333333334,10
ambush_optics_(rubico),42.111111111111114,40
nyx_prime_chassis,15.545454545454545,10
capacitance,22.733333333333334,19
shell_compression,15.714285714285714,13
loki_prime_chassis,75.0909090909091,65
bore,64.25,80.0
signal_flare,err,err
lightning_dash,100.64285714285714,100.0
mag_prime_chassis,40,28
snipetron_vandal_set,83.3125,55.0
battering_maneuver,18,13.0
piercing_step,16.75,15.5
fireball_frenzy,27.88888888888889,20
lasting_purity,34.4,30.0
energy_siphon,42.13333333333333,40
stalk,37.625,45.0
magazine_warp,17.833333333333332,18.0
infiltrate,23.416666666666668,15.0
coiling_viper,9.166666666666666,5.0
primed_pressure_point,146.0754716981132,165
cold_snap,14.304347826086957,10
hells_chamber,9.16,7.0
stockpiled_blight,34.8,29
nami_skyla_prime_handle,26.333333333333332,19.0
fracturing_wind,8,5
fulmination,182,182.0
ammo_drum,10009.545454545454,10
sovereign_outcast,15.105263157894736,10.0
gladiator_might,33,25
heavy_impact,10.3,7.5
thunderbolt,8.133333333333333,7
pool_of_life,31.75,22.5
entropy_burst,21,16.5
fatal_attraction,18,19.0
seismic_palm,9.722222222222221,7.5
pressure_point,10.9,9.5
modified_munitions,30.428571428571427,20
natural_talent,19.45945945945946,15
flechette,16.666666666666668,18.0
shimmering_blight,10.153846153846153,5
justice_blades,22.571428571428573,15
buzz_kill,23.227272727272727,15.0
pyrana_prime_blueprint,63.666666666666664,39.5
pyrana_prime_receiver,11.0625,10.0
pyrana_prime_barrel,12,10
destreza_prime_set,95.5,70.0
primed_expel_grineer,256.375,259.5
primed_expel_corpus,179.36111111111111,187.0
primed_expel_infested,246.1,219.5
primed_expel_corrupted,181.33333333333334,140
quaking_hand,err,err
flame_gland,32.125,21.5
dividing_blades,err,err
smooth_phasmin,4.333333333333333,2
arcane_pulse,44.333333333333336,40.0
sudden_justice,20,20
blood_rush,55.18181818181818,40
shrapnel_shot,41.5,17.0
coolant_leak,24.2,21
ward_recovery,err,err
primed_heated_charge,179.02439024390245,198
neutron_star,19.454545454545453,15.0
skull_shots_(viper),34.2,35
loki_prime_neuroptics,58.25,59.0
vigilante_fervor,21.904761904761905,10
ankyros_prime_blade,22.444444444444443,20
ankyros_prime_gauntlet,27.833333333333332,21.0
bo_prime_blueprint,25.375,24.5
silva_and_aegis_prime_guard,48,39
vicious_frost,16.34375,10.0
jagged_edge,10.833333333333334,9.0
shield_disruption,42.833333333333336,39.5
magus_vigor,31.727272727272727,18
shotgun_spazz,20,19.5
arcane_swindle_loki_helmet,625,625.0
gladiator_vice,22.074074074074073,15
arcane_meridian_trinity_helmet,150,150
legendary_fusion_core,191.23529411764707,170
tigris_prime_stock,14,10.0
spinning_needle,13.047619047619047,10
snipetron_vandal_stock,36.75,29.5
wildfire,12,10.0
bane_of_grineer,15.142857142857142,10
scimitar_avionics,18.875,15.0
reflex_guard,56.68421052631579,15
everlasting_ward,28.2,22.5
ash_prime_neuroptics,17.833333333333332,15.0
jolt,81.5,75.0
vectis_prime_stock,32.63636363636363,25
stunning_speed,13,10
primed_continuity,154.4,169.5
bo_prime_handle,33.166666666666664,20.0
crash_course,19.53846153846154,14
vital_systems_bypass,70,70
singularity,25.75,24.0
armored_acrobatics,err,err
lethal_momentum,21.363636363636363,15
primed_bane_of_infested,220.16666666666666,175.0
primed_bane_of_corpus,150.04347826086956,150.0
carrier_prime_blueprint,21.181818181818183,15
vulpine_mask,8,5.0
primed_bane_of_grineer,281.45454545454544,294.5
vectis_prime_barrel,43.125,32.5
tactical_pump,19.2,22
arcane_menticide_nyx_helmet,150,150
arcane_aurora_frost_helmet,161.66666666666666,95
soma_prime_blueprint,12.722222222222221,10.0
unleashed,24.833333333333332,10.0
vasto_prime_barrel,27.666666666666668,18
arcane_chorus_banshee_helmet,222.5,185.0
vasto_prime_blueprint,45.666666666666664,48
entropy_flight,26,24.5
saryn_prime_set,150.5,130.0
poppin_vert,38.285714285714285,20
magus_repair,100.64,125
magus_glitch,136.36363636363637,169
perfect_balance,83.85714285714286,20
strain_consume,27.25,15.0
zaw_riven_mod_(veiled),9,9
wolf_sledge_blueprint,173.14285714285714,198
magus_overload,136.88888888888889,150
molecular_fission,21.6,16
wolf_sledge_motor,172.83333333333334,198.5
wild_frenzy,213,200
napalm_grenades,133,124.0
tipedo_prime_handle,44.833333333333336,24.5
stradavar_prime_set,85.15,47.0
equinox_prime_blueprint,16.357142857142858,15.0
bronco_prime_barrel,7.75,5.0
war_hilt,17,5
nova_prime_systems,16.75,10.0
frost_prime_blueprint,104.14285714285714,100
bronco_prime_blueprint,5.545454545454546,3
astral_twilight,18.428571428571427,14
snap_shot,37,40
burston_prime_receiver,5.866666666666666,4
fang_prime_blade,9.833333333333334,7.0
vauban_prime_neuroptics,74.25,64.5
hikou_prime_stars,12.428571428571429,10
intruder,11.428571428571429,5
prisma_angstrum,139,100.5
phaedra_stock,25.857142857142858,14
scorch,23.136363636363637,20.0
entropy_spike,22.25,15.0
eleventh_storm,20.555555555555557,15
nova_prime_neuroptics,21.666666666666668,17.5
antimatter_mine,err,err
nova_prime_chassis,84.92307692307692,70
prism_guard,54,50.0
trick_mag,16.333333333333332,15.0
nova_prime_blueprint,20.416666666666668,15.0
deceptive_bond,49.8,49
frost_prime_neuroptics,13.866666666666667,10
arcane_squall_frost_helmet,340,340
calculated_redirection,48.30769230769231,40
charged_shell,15.4,15.0
cleanse_corpus,17.625,14.5
searing_steel,70.44444444444444,60
accelerated_deflection,29.444444444444443,10
clashing_forest,12.615384615384615,10
primal_rage,23,20.0
celestial_stomp,23.7,19.5
secura_penta,79.22222222222223,40
razor_shot,7,4
creeping_terrify,30.363636363636363,20
trinity_prime_blueprint,42.888888888888886,30
grim_fury,16.77777777777778,10
ayatan_orta_sculpture,12.928571428571429,10.0
energy_channel,11.117647058823529,5
hallowed_reckoning,29.25,25.0
convulsion,13.7,9.5
arcane_fury,222.63636363636363,336.5
rapid_resilience,12.928571428571429,9.5
pistol_pestilence,17.071428571428573,10.0
primed_morphic_transformer,163.10714285714286,180.0
frail_momentum,10.727272727272727,5.0
pathogen_rounds,18.4,10.0
arcane_aegis,197.61290322580646,240
sudden_impact,19.8,22
arcane_consequence,17.225806451612904,10
tempered_blade,17.3,17.0
smite_corpus,24.25,26.0
arcane_energize,1347.7105263157894,1250.0
fanged_fusillade,24.68421052631579,10
gladiator_resolve,14.514285714285714,10
ghost,19.666666666666668,19.0
rime_rounds,51.642857142857146,49.5
vulkar_wraith,146.36363636363637,120
ayatan_piv_sculpture,13.75,8.5
negation_swarm,24.875,19.5
blunderbuss,10,5
sybaris_prime_barrel,54.714285714285715,40
centaur_aegis,25,25
cephalon_suda_augment_mod,10,10
banshee_prime_chassis,38.357142857142854,31.5
chilling_grasp,12.636363636363637,8
wukong_prime_chassis,14.333333333333334,10
blazing_steel,22.666666666666668,15.5
fired_up,10.153846153846153,4
shattering_storm,16.166666666666668,12.5
sense_danger,12.666666666666666,8
bullet_dance,61.27272727272727,54
twin_vipers_wraith_blueprint,29.125,16.0
split_chamber,8.227272727272727,6.0
north_wind,14.333333333333334,11.0
shotgun_scavenger,40.4,40.0
synoid_gammacor,73,50
helios_prime_set,83.88461538461539,72.5
rakta_ballistica,95.33333333333333,85.0
hydroid_prime_neuroptics,20.88888888888889,20
greedy_pull,23.22222222222222,17.0
silva_and_aegis_prime_set,98.4,75
sanctuary,59.92857142857143,5.0
tether_grenades,10.583333333333334,10.0
aviator,16.923076923076923,8
swooping_falcon,21.11111111111111,15
constitution,23.75,17.5
smite_infusion,25.333333333333332,17.0
kavasa_prime_kubrow_collar_set,87,69
latron_prime_set,72.375,58.0
lex_prime_set,17.82758620689655,10
odonata_prime_set,108.33333333333333,65
gun_glide,24,12
rime_vault,err,err
vanquished_prey,err,err
voltaic_lance,err,err
deft_tempo,90,90
double_tap,58.333333333333336,50
final_act,42.5,42.5
final_tap,200,200
hydraulic_chamber,13.666666666666666,15
hydraulic_gauge,err,err
loose_hatch,err,err
narrow_barrel,20.5,17.5
strun_wraith_barrel,70,70
eidolon_zenurik_lens,91,75
destreza_prime_handle,11.428571428571429,10
enhanced_durability,15.923076923076923,10
speed_holster,60,60
arcane_strike,64.81538461538462,70
sinister_reach,14.5,11.0
vectis_prime_set,181.26666666666668,135
carving_mantis,19.125,15.0
primed_pack_leader,180.8695652173913,198
arcane_nullifier,83.5952380952381,80.0
rhino_prime_set,149.51724137931035,120
sicarus_prime_set,97.35714285714286,60.0
grinloked,7,7
arcane_victory,21.625,20.0
hastened_steps,err,err
lie_in_wait,err,err
boltor_prime_receiver,14.333333333333334,10.0
boltor_prime_stock,14.666666666666666,9
night_stalker,err,err
synoid_heliocor,59,45
elytron_systems,25,25
steel_meridian_augment_mod,29,29
shadow_harvest,err,err
argent_scourge,err,err
tigris_prime_barrel,10,10
eject_magazine,34.6,23.5
plan_b,10,10
burning_wasp,10.5,5.0
sharpened_bullets,18.333333333333332,15.0
ripper_rounds,err,err
soma_prime_receiver,25.333333333333332,16
reaping_spiral,10.826086956521738,10
soma_prime_stock,40.57142857142857,35
sharpened_blade,err,err
strafing_slide,30.142857142857142,22
scimitar_set,93.6,70
surplus_diverters,err,err
cataclysmic_continuum,23.09090909090909,20
braton_prime_set,19,15
relentless_assault,err,err
silva_and_aegis_prime_hilt,10.153846153846153,10
calculated_spring,err,err
comet_rounds,err,err
hydroid_prime_chassis,14.333333333333334,10
aklex_prime_blueprint,20.625,15.0
aklex_prime_set,100.9090909090909,90
ballistica_prime_blueprint,48.2,25
tranquil_cleave,15.947368421052632,10
link_health,62.02777777777778,74.5
pack_leader,12.384615384615385,10
soul_survivor,30.583333333333332,24.0
thumper,17.4,15
rush,15.692307692307692,12
infected_clip,15.25,9.5
cleanse_infested,12.571428571428571,8
blaze,96.52941176470588,99
vacuum,22.714285714285715,10
energy_generator,76.1,67.5
scarlet_hurricane,err,err
vicious_approach,err,err
frost_jaw,20.75,10.0
shock_collar,22.6,19
thrash_landing,46.8,40
motus_impact,10.875,5.0
aero_vantage,14.5,5.0
motus_setup,13,10.0
gale_kick,36.72727272727273,25
motus_signal,16.833333333333332,20.0
deck_12_scene,24.142857142857142,10
ninkondi_prime_blueprint,8.88888888888889,5
zhuge_prime_barrel,39.625,20.0
ninkondi_prime_handle,33.375,24.5
ninkondi_prime_set,86.04545454545455,67.5
wukong_prime_set,112.04081632653062,99
scindo_prime_handle,18,10
vile_precision,11.058823529411764,5
parallax_scope,16.8,12.5
vitality,41.21052631578947,39
sniper_scavenger,53.57142857142857,60
sunika_kubrow_imprint,59.6,20
adarza_kavat_imprint,36.09090909090909,15
rubico_prime_barrel,11.5,10.0
stormbringer,12.75,6.0
arcane_eruption,58.80952380952381,60
arcane_vespa_nyx_helmet,200,200.0
escape_velocity,30.4,37
expel_infested,13.5,9.5
gas_city_cloud_vista_scene,7.5,7.5
combustion_rounds,27.8,16.5
sniper_ammo_mutation,15.941176470588236,15
loki_prime_blueprint,25.333333333333332,20.0
seeking_force,19.444444444444443,20
target_cracker,15.466666666666667,10
fleeting_expertise,29.633333333333333,21.0
critical_delay,27.310344827586206,20
provoked,60.5,12.5
spoiled_strike,15,6.5
incendiary_coat,14.555555555555555,14
arcane_coil_mag_helmet,410,387.5
augur_accord,26.40909090909091,10.0
breach_loader,24.857142857142858,14
dual_kamas_prime_blueprint,21.5,10.0
gaias_tragedy,8.25925925925926,5
latron_prime_barrel,18.77777777777778,15
karak_wraith_barrel,29.8,19
zenurik_lens,9.875,10.0
agility_drift,12.4,5.0
bite,142.0625,146.5
afterburn,26.8,25
rising_storm,23.666666666666668,17.5
ember_prime_set,156.46153846153845,114.5
redirection,45.6,40
fang_prime_set,22.9375,20.0
chilling_globe,20.8,15
mag_prime_set,218.1818181818182,200
exothermic,23.307692307692307,15
nekros_prime_neuroptics,51.25,40.0
eagle_eye,15.666666666666666,12.5
shield_overload,err,err
arc_coil,63.666666666666664,21
chaos_sphere,24.88888888888889,20
hysterical_fixation,err,err
defiled_reckoning,err,err
crash_shot,err,err
ammo_case,17.142857142857142,15
euphona_prime_set,67.58333333333333,47.5
blade_of_truth,21.857142857142858,15
focus_energy,23.642857142857142,15.0
hawk_eye,20.75,21.5
low_current_leap,err,err
boar_prime_blueprint,31.5,31.0
oberon_prime_set,144.11764705882354,100
centaur_blade,27.833333333333332,14.0
sweeping_serration,24.533333333333335,15
agkuza_blade,17.333333333333332,17.0
link_shields,49.93333333333333,17.5
tiberon_prime_blueprint,11.166666666666666,9.0
prisma_dual_cleavers,138.21428571428572,105.0
directed_convergence,60,60.0
saryn_prime_blueprint,46.608695652173914,30
primed_heavy_trauma,192.42857142857142,190.0
arcane_awakening,22.903225806451612,10
gamma_beacon,5007.5,5007.5
arcane_ultimatum,52.65,45.0
dera_vandal_blueprint,17.833333333333332,10.0
prisma_obex,141.7,126.5
bo_prime_set,144,120.0
boar_prime_set,132.9,120.0
ballistica_prime_receiver,9.923076923076923,9
boltor_prime_set,87.5,67.0
strun_wraith_stock,34.5,25.0
strun_wraith_set,91.4375,70.0
kogake_prime_set,129.57142857142858,110
kogake_prime_gauntlet,35.6,23
zephyr_prime_blueprint,20.058823529411764,10
lato_vandal_set,303,250
lato_vandal_blueprint,55,40.0
lato_vandal_barrel,157.8,140
braton_vandal_set,359.6,250
grineer_settlement_artillery_scene,41,5.0
kuva_fortress_crevice_scene,14.285714285714286,5
grineer_sealab_centrifuge_scene,9.3,4.5
corpus_ship_freight_scene,err,err
lua_balcony_scene,10.2,5
reawaken,70.1,56.5
valkyr_prime_neuroptics,12.48,8
centaur_handle,28.5,15.5
augur_message,15.242424242424242,10
true_punishment,49.5,48.0
entropy_detonation,26.25,25.0
rending_crane,14.444444444444445,10.0
air_recon,16.4,10
venka_prime_blueprint,12.066666666666666,10
euphona_prime_blueprint,9.75,5.5
onorix_handle,28.333333333333332,15.0
point_blank,12.5,10.0
reflection,21,20.5
stinging_thorn,24.857142857142858,25
shotgun_amp,25.357142857142858,20.0
magus_anomaly,103.33333333333333,140.0
dual_kamas_prime_handle,23,15.0
virtuos_surge,94.66666666666667,97.5
marked_target,17.466666666666665,10
empowered_blades,47.833333333333336,42.5
kavasa_prime_buckle,50.666666666666664,41.0
strain_eruption,54,30.0
stand_united,22.7,15.0
kavasa_prime_band,12.8,10
kuva_throne_scene,135,110
sanctuary_conduit_scene,err,err
venom_teeth,64.375,35.0
rising_steel,err,err
piercing_fury,err,err
star_amarast,3.3333333333333335,2.0
venerdo_hoverdrive,46.75,37.5
trail_blazer,42.166666666666664,42.5
scan_matter,97,97.0
kinetic_friction,49,45.0
scan_lifeforms,err,err
air_time,39.666666666666664,35.0
rail_guards,43.666666666666664,35.0
assault_mode,23.333333333333332,10.0
mag_locks,39.666666666666664,35.0
inertia_dampeners,36,25.0
akvasto_prime_set,152,130
perpetual_agony,21.666666666666668,25
armored_agility,11.585365853658537,8
body_count,35.45454545454545,20
arcane_deflection,36,22.5
weeping_wounds,40.35,29.5
akbronco_prime_link,9.222222222222221,6
vermillion_storm,44.57142857142857,50.0
maiming_strike,41.285714285714285,20
investigator,100,100.0
firewalker,66.11111111111111,25.0
hydraulic_crosshairs,18.714285714285715,10
toxic_flight,61.94117647058823,10
laser_sight,30.5,21.5
smite_infested,23,30.0
venom_dose,23.285714285714285,15.0
rending_turn,18.5,18.0
seismic_wave,21.714285714285715,10
dakra_prime_handle,15.555555555555555,10
expel_grineer,23.25,26.5
soma_prime_barrel,31.25,31.5
mag_prime_neuroptics,44.25,39.0
primed_fast_hands,164.9047619047619,170.0
furax_wraith_set,49.666666666666664,35
dead_eye,33.333333333333336,23
melee_riven_mod_(veiled),34.592592592592595,32
corrosive_projection,26.3,20.0
pistol_riven_mod_(veiled),12.037037037037036,10
heavy_trauma,10.3125,5.0
exodia_valor,53.333333333333336,60
charged_chamber,11.818181818181818,7
tidal_impunity,27.142857142857142,20
piercing_caliber,52.25,52.0
arcane_backdraft_ember_helmet,250,250
adhesive_blast,13.210526315789474,5
kinetic_collision,err,err
thundermiter_(miter),16,16.0
finishing_touch,17.88888888888889,10
static_alacrity_(staticor),70,70
ash_prime_chassis,29.294117647058822,25
tigris_prime_blueprint,75.2,70
emergent_aftermath,25,25
fortitude,11.818181818181818,10
ash_prime_systems,124.77777777777777,110
mag_prime_systems,50.5,30.0
prisma_grakata,111.11764705882354,90
mobilize,11,10
vectis_prime_receiver,80.81818181818181,70
automatic_trigger,16.5,10.0
armored_recovery,err,err
vaykor_sydon,84.15384615384616,50
slip_magazine,23,23.5
homing_fang,12,8.0
arcane_grace,496.32608695652175,415.0
maul,60.1578947368421,10
enhanced_vitality,55.333333333333336,42.5
bo_prime_ornament,52,45.0
dera_vandal_receiver,20.5,15.0
ankyros_prime_set,96.94117647058823,88
vile_acceleration,17.35,10.0
barrel_diffusion,13.071428571428571,9.5
whirlwind,17.3125,15.0
antitoxin,15.285714285714286,10
disruptor,23.333333333333332,25
heavy_caliber,51.3448275862069,13.0
piercing_hit,16,19
continuity,18.083333333333332,14.0
tainted_clip,12.7,8.0
shock_trooper,20.571428571428573,16.5
flow,7.9772727272727275,5.0
critical_deceleration,25.96153846153846,20.0
wyrm_prime_carapace,37,32.5
healing_flame,29.1,20.0
atlantis_vulcan,12.583333333333334,9.5
prisma_tetra,125.44444444444444,100
sonic_fracture,23.333333333333332,20.0
paris_prime_set,21.176470588235293,15
trinity_prime_set,137.17391304347825,100
vigilante_armaments,17.321428571428573,10.0
sybaris_prime_blueprint,9.363636363636363,7
beguiling_lantern,31.22222222222222,20
ballistica_prime_set,117.875,94.0
virtuos_fury,57.42857142857143,34
virtuos_null,33.125,17.5
virtuos_tempo,37.625,25.5
exodia_force,73.85714285714286,67.5
virtuos_ghost,54.125,26.5
chromatic_blade,23.428571428571427,22.0
expel_corrupted,20.571428571428573,24
gladiator_aegis,18.11764705882353,15
neutralizing_justice,23.22222222222222,19
radiant_zodian,4.6,4
biting_piranha,err,err
wukong_prime_blueprint,52.3125,47.0
wukong_prime_systems,17.625,15.0
zhuge_prime_string,14.4,10.0
gilded_truth,19.833333333333332,17.0
link_armor,61.875,72.5
sure_footed,21.85,15.0
bleeding_willow,12.666666666666666,10
undying_will,10.466666666666667,5
iron_phoenix,11.529411764705882,10
pointed_wind,17.266666666666666,10
stabilizer,13.533333333333333,10
rifle_scavenger,36.111111111111114,30
quickening,28.6,20
rubedo_lined_barrel,12.692307692307692,10
sundering_strike,10.25,9.0
negate,75.55555555555556,78
peculiar_growth,47.5,32.5
destreza_prime_blade,61.625,45.0
mecha_empowered,22.533333333333335,20
mecha_pulse,14.947368421052632,10
mafic_rain,err,err
crashing_timber,err,err
tainted_hydra,err,err
lashing_coil,err,err
regen,11.125,7.0
aklex_prime_link,95.125,96.0
speed_trigger,15.4,10.0
augur_secrets,35.31111111111111,25
cressas_garrison_scene,175,175.0
arbiters_tribunal_scene,150,150
grineer_forest_industry_scene,err,err
banshee_prime_systems,37.375,31.0
arrow_mutation,14.578947368421053,10
hydroid_prime_blueprint,16.88888888888889,11
hastened_deflection,47.2,42.5
infectious_injection,29,24
wise_razor,27.80952380952381,20
equinox_prime_systems,41.4,37.5
arch_gun_riven_mod_(veiled),35.666666666666664,35.0
paris_prime_blueprint,12.75,8.5
resonating_quake,23.90909090909091,20
flailing_branch,10.61111111111111,10.0
frostbite,27.333333333333332,20.0
gas_city_central_drop_scene,13.333333333333334,10
lua_unairu_lens,50,40
shepherd,16.157894736842106,10
orokin_tower_extraction_scene,err,err
deadly_efficiency,21.705882352941178,20
virtuos_forge,100.42857142857143,75
akvasto_prime_blueprint,95,90.0
akvasto_prime_link,33.333333333333336,25.0
contamination_casing,27.058823529411764,22.0
onkkos_command_post_scene,60,60
flux_overdrive,9.666666666666666,10
onorix_blade,23.555555555555557,14
venka_prime_set,137.52,128
suppress,17.285714285714285,18
target_fixation,29.5,23.5
maglev,19.25,18.5
cleanse_grineer,19.75,22.0
heightened_reflexes,14,14
hunt,20,9
orthos_prime_blueprint,7.833333333333333,4.5
hall_of_malevolence,17.88235294117647,15
smite_grineer,16.444444444444443,20
firestorm,11.366666666666667,10.0
bane_of_corpus,13.285714285714286,10
berserker,18.43243243243243,10
curative_undertow,28.166666666666668,24.5
loose_magazine,err,err
life_strike,8.666666666666666,6
handspring,14.5,10.0
paris_prime_grip,8.3,5.0
lucky_shot,err,err
electrified_barrel,25.94736842105263,15
maximum_capacity,err,err
savior_decoy,29.166666666666668,30.0
stalking_fan,25.066666666666666,15
primed_bane_of_corrupted,417.7647058823529,399
warm_coat,23,26.0
tainted_mag,46.42857142857143,10.0
tactical_retreat,err,err
bright_purity,34.22222222222222,25
frigid_blast,28.8,18
shrapnel_rounds_(marelok),44,41.0
bleeding_edge,76.75,45.0
pax_seeker,33.1875,34.5
mesa_prime_blueprint,12.047619047619047,10
equinox_prime_neuroptics,10.074074074074074,8
redeemer_prime_blueprint,14.5,10.0
virtuos_spike,100.66666666666667,118
tipedo_prime_blueprint,9.857142857142858,6
serrated_edges,err,err
flame_repellent,21.333333333333332,24
quanta_vandal,132.33333333333334,100
mara_detron,121.78947368421052,94
shock_absorbers,17.416666666666668,15.0
bronco_prime_receiver,9.777777777777779,5
mutalist_nav_coordinates,20,10.0
burston_prime_blueprint,11.75,6.5
soft_hands,26.75,17.0
spring_loaded_broadhead,20,15
rift_torrent,25.5,22.5
burston_prime_stock,5.266666666666667,2
sword_alone,err,err
tactical_reload,23.3,15.0
hikou_prime_blueprint,10.444444444444445,10
tear_gas,err,err
primed_slip_magazine,178.37037037037038,180
shelter,82.83333333333333,93.5
gemini_cross,11.857142857142858,10.0
rupture,16.4,15
arcane_vanguard_rhino_helmet,542,400
fomorian_accelerant,25.625,19.0
primed_flow,172.28205128205127,190
imperator_vandal_blueprint,23.125,10.0
primed_pistol_ammo_mutation,249.55555555555554,201
arcane_pendragon_excalibur_helmet,507.5,440.0
prisma_veritux,132.54545454545453,110
resonance,25.3,20.0
ballistic_bullseye,31.11111111111111,30
volt_prime_blueprint,49,40.0
piercing_navigator,25.571428571428573,20
gas_city_alads_laboratory_scene,28.333333333333332,25
magnum_force,64.14285714285714,40
expel_corpus,31,23
ember_prime_chassis,50.5,53.5
arcane_tempo,23.757575757575758,18
madurai_lens,5.375,5.0
unairu_lens,4.6,5
cunning_drift,18.10810810810811,10
endurance_drift,11.162162162162161,5
abating_link,35.166666666666664,22.5
power_drift,14,10
speed_drift,40.52,30
hallowed_eruption,28.125,25.0
stealth_drift,9.696969696969697,5
rhino_prime_chassis,28.444444444444443,24
cutting_edge,96.6,102.0
iron_shrapnel,23.8125,17.5
akbronco_prime_set,24.153846153846153,23
contagious_spread,13.384615384615385,9
arcane_agility,28.52,20
piercing_roar,28.625,25.0
carrier_prime_set,112.125,97.5
hushed_invisibility,22.8,15
dakra_prime_set,86.625,70.0
pilfering_swarm,20.6,15.0
diamond_skin,10.777777777777779,9
dera_vandal_set,57,50.0
toxic_sequence,44.666666666666664,25
latron_wraith_blueprint,34.5,17.0
latron_wraith_receiver,90,90
latron_wraith_stock,55,55.0
latron_wraith_set,87.54545454545455,70
territorial_aggression,12.88888888888889,10
swipe,10.1,7.0
pounce,11.2,7.5
sharpened_claws,8.8,5
twin_vipers_wraith_link,42.4,30
twin_vipers_wraith_receivers,74.5,74.5
twin_vipers_wraith_set,107.13333333333334,80
enemy_radar,37.8125,37.5
nekros_prime_chassis,21,15
arcane_bodyguard,52.23076923076923,40
arcane_primary_charger,99.23529411764706,80
swift_momentum,23.17391304347826,15
combat_discipline,16.137931034482758,10
arcane_blade_charger,125.2,110
melee_guidance,18.210526315789473,15
atlas_prime_chassis,12.375,8.5
dethcube_prime_carapace,7.3076923076923075,5
dethcube_prime_cerebrum,31.857142857142858,23
tekko_prime_gauntlet,16.166666666666668,15.0
dethcube_prime_blueprint,26,20.0
dethcube_prime_set,86.34782608695652,60
glacial_edge,22.833333333333332,16.5
organ_shatter,12.272727272727273,10
limbo_prime_systems,10,8.5
runtime,24.88888888888889,20
hit_and_run,16.818181818181817,10
ivara_prime_neuroptics,11.142857142857142,10
ivara_prime_chassis,43.25,35.0
ivara_prime_systems,12.071428571428571,9.0
baza_prime_blueprint,19.714285714285715,13.5
baza_prime_set,105.84615384615384,65
aksomati_prime_set,106.52631578947368,85
aksomati_prime_link,45.3,42.0
baza_prime_stock,38.142857142857146,29
aksomati_prime_receiver,10.416666666666666,8.5
gram_prime_handle,30.066666666666666,18
primed_reach,165.05128205128204,165
warding_thurible,26.3,22.0
helios_prime_blueprint,11.153846153846153,10
terminal_velocity,21.333333333333332,25.0
ice_storm,11.551724137931034,10
cyclone_kraken,37.23076923076923,30
karak_wraith_receiver,27.8,16
orvius_disc,5.055555555555555,1.0
vazarin_lens,4.555555555555555,5
sinking_talon,11.181818181818182,5
health_conversion,72.85714285714286,65
reflex_coil,15.571428571428571,10
vasto_prime_receiver,25.5,16.5
searing_leap,err,err
loot_detector,43.416666666666664,40.0
repelling_bastille,21.857142857142858,17.0
hollowed_bullets,26.925925925925927,20
scimitar_engines,30,25.0
ironclad_charge,24.083333333333332,15.0
veils_binding_scene,86,99
magus_drive,182.75,205.0
quick_reload,63.2,60
strain_fever,30.416666666666668,19.0
archgun_ace,23.571428571428573,12
mad_stack,44.666666666666664,45.0
teeming_virulence,26.4,20.0
fortuna_scene,136.75,149.0
tipedo_prime_ornament,16.727272727272727,15
stradavar_prime_receiver,12.5,8.5
snipetron_vandal_barrel,75,75
arcane_scorpion_ash_helmet,143.33333333333334,80
wyrm_prime_cerebrum,65,60.5
spry_sights,40,38
targeting_receptor,55,57.5
ayatan_valana_sculpture,9,7
bane_of_infested,24.5,20.0
shocking_touch,11.142857142857142,9.5
cyngas_barrel,20.4,20
sprint_boost,37.38461538461539,28
cyngas_stock,30,13
furious_javelin,25.8,20.0
lex_prime_blueprint,6.083333333333333,3.5
draining_gloom,5,5
gas_city_elemental_refinement_scene,21.666666666666668,10
hellfire,15.545454545454545,10
precision_munition,err,err
argon_plating,18.555555555555557,20
corpus_void_key,4500,4500.0
hikou_prime_set,92,62.5
seeker,12.5,10.0
molten_impact,11.75,7.5
orthos_prime_handle,6.25,3.0
reaper_prime_blade,28.875,21.5
rending_strike,11.647058823529411,10
ammo_stock,23.444444444444443,14
self_destruct,29.333333333333332,29.5
spring_loaded_chamber,19.4,8
accelerated_blast,11.541666666666666,8.0
scindo_prime_blueprint,13.875,10.0
tainted_shell,60.294117647058826,15
stinging_truth,24.142857142857142,15
repeater_clip,25.25,16.0
killing_blow,10.058823529411764,5
embedded_catalyzer,12.285714285714286,9
magma_chamber,22.923076923076923,15.0
rebound,33,31.0
discharge_strike,err,err
arcane_storm_volt_helmet,521.5,550.0
reach,14.181818181818182,10
anti_flak_plating,err,err
tear_azurite,3.75,2.0
shotgun_riven_mod_(veiled),36.25,33.5
magus_cadence,80.6923076923077,50
exodia_brave,89.57142857142857,77
exodia_hunt,66,25
exodia_triumph,50.9,47.5
magus_nourish,45.15384615384615,34
virtuos_shadow,27.23076923076923,20.0
ember_prime_systems,32.125,30.0
frost_prime_chassis,25,20
rhino_prime_systems,12.615384615384615,10
ember_prime_blueprint,64,39.5
eroding_blight,26.272727272727273,20
deadly_sequence,37.8,20
fever_strike,9.3,4.0
sawtooth_clip,19,22
arcane_essence_loki_helmet,235,245.0
arcane_locust_ash_helmet,247.5,270.0
tempo_royale,53.333333333333336,40
radian_sentirum,5,3
prisma_gorgon,130.25,95.0
brain_storm_(grakata),41.666666666666664,50
high_noon,15.75,10.5
scattered_justice,22.4,16.5
brutal_tide,9.636363636363637,7.5
funnel_clouds,30,24.0
ash_prime_blueprint,47.18181818181818,40
decurion_receiver,17.571428571428573,15
toxic_blight,22.22222222222222,10
kavasa_prime_kubrow_collar_blueprint,11,10
ayatan_cyan_star,1,1
fatal_acceleration,14.11111111111111,10
phaedra_barrel,21.25,20.0
thiefs_wit,13.444444444444445,10
furax_wraith_left_gauntlet,25.333333333333332,10.0
melee_prowess,16,15.5
ayatan_amber_star,5.875,2.0
prolonged_paralysis,28,25
rifle_riven_mod_(veiled),33.3,30.0
flak_shot,err,err
follow_through,err,err
quickdraw,15.125,14.5
guardian_derision,14.6,5
icy_avalanche,25.3,22.5
vay_hek_frequency_triangulator,10000,10000
whiplash_mine,90.5,90.5
odomedic,33,20
proton_jet,14.5,13.0
security_override,77,77
rift_haven,26.428571428571427,25
machete_wraith,121.84615384615384,100
safeguard,25.2,18.5
prova_vandal,122.42857142857143,100.0
path_of_statues,28.625,26.5
contagion_cloud,25.785714285714285,15.0
reaper_prime_set,71.84615384615384,60.0
immolated_radiance,25.5,20.0
vauban_prime_blueprint,31.38888888888889,25.0
carrier_prime_carapace,32.111111111111114,18
full_capacity,err,err
magnetized_discharge,36,27.5
ankyros_prime_blueprint,23.166666666666668,12.5
inaros_tomb_scene,err,err
boar_prime_barrel,27.3,20.0
oberon_prime_chassis,25.625,20.0
lock_and_load,22,15
lunaro_arena_scene,490,490
silva_and_aegis_prime_blade,14.727272727272727,10
arcane_guardian,148.77528089887642,199
boltor_prime_blueprint,74.66666666666667,100
fast_deflection,13.375,11.0
sybaris_prime_set,112.33333333333333,90
oberon_prime_systems,40.888888888888886,37.5
baza_prime_receiver,10.666666666666666,7.0
primed_smite_infested,167.93939393939394,140
shedu_barrel,18.5,15.0
shedu_receiver,21.5625,19.5
primed_smite_corpus,161.27659574468086,144
sentient_fountain_scene,err,err
shedu_set,88.81818181818181,60.0
shedu_chassis,18.5,15.0
void_cloak,31.625,27.5
squad_renew,49.142857142857146,30
section_density,13.555555555555555,4
flow_burn,70.5,51.5
surging_dash,24.3,17.5
conductor,22.352941176470587,18
accumulating_whipclaw,20.3,15.0
heart_noctrul,5.5,5.5
photon_repeater,23.4,19.5
redeemer_prime_set,107.29629629629629,80
hypothermic_shell,19.571428571428573,15.0
warhead,72.35714285714286,77.5
battle_stations,42.833333333333336,27.5
fiery_phoenix,53.25,54.5
countermeasures,25.75,24.5
blood_forge,26,15.0
balefire_surge,28.428571428571427,25
sentient_basin_scene,err,err
sentient_balcony_scene,err,err
endless_lullaby,30.714285714285715,35
magus_accelerant,147.6,200
galatine_prime_blueprint,93.75,65.0
aerial_ace,52.125,40.0
energizing_shot,108,110
anchored_glide,37.714285714285715,30
venomous_clip,18.5,11.5
dera_vandal_barrel,21,14
counterweight,err,err
anti_grav_grenade,75,75
brief_respite,27.428571428571427,20
orthos_prime_set,52,25
hysterical_assault,35.8,30
adept_surge,err,err
gorgon_frenzy,err,err
volt_prime_set,191.28,180
esher_devar,6,6.0
banshee_prime_neuroptics,9.6,7.5
electro_pulse,85.5,85.5
neutralize,15,7.0
retrieve,23.75,14.0
imperator_vandal_receiver,46.25,32.5
secura_lecta,55.8,40.0
amesha_systems,err,err
amesha_wings,err,err
amesha_harness,err,err
amesha_set,err,err
elytron_harness,25,25
elytron_set,err,err
itzal_systems,err,err
itzal_wings,err,err
itzal_harness,err,err
itzal_set,79.66666666666667,69
ayatan_vaya_sculpture,14.3,12.5
the_perrin_sequence_augment_mod,err,err
new_loka_augment_mod,err,err
arbiters_of_hexis_augment_mod,10,10.0
charm,11,9.0
cats_eye,12.736842105263158,10
medi_pet_kit,10.5,9.5
reaper_prime_handle,30.46153846153846,24
sicarus_prime_barrel,32.5,32.5
braton_prime_barrel,7,3.5
purifying_flames,39.5,36.5
overcharged,err,err
elytron_wings,24,24
mischief,16.181818181818183,10
tigris_prime_set,87,70.0
shield_charger,9.933333333333334,9
rakta_dark_dagger,76.55555555555556,50
static_discharge,10.76923076923077,10
pain_threshold,8,5.5
paris_prime_string,9.8,4
double_barrel_drift,26.285714285714285,25
gorgon_wraith_blueprint,9.2,4.5
argon_scope,21.8,15.0
explosive_demise,err,err
sicarus_prime_receiver,42.142857142857146,30
mantis_engines,12.272727272727273,10
sure_shot,13.571428571428571,10
glaive_prime_blade,59.23076923076923,50
sapping_reach,err,err
karak_wraith_set,83.28571428571429,69.5
fragor_prime_set,82.4,60
crimson_dervish,14.782608695652174,10
akstiletto_prime_blueprint,38.857142857142854,20
akstiletto_prime_barrel,46.285714285714285,35
deep_freeze,27.166666666666668,27.5
akstiletto_prime_receiver,27.25,20.0
physique,37.2,22.5
akbolto_prime_receiver,38.9,30.0
paris_prime_upper_limb,6.125,3.0
akbolto_prime_blueprint,8.833333333333334,6.5
silva_and_aegis_prime_blueprint,13.2,10.0
scindo_prime_blade,30.444444444444443,19
euphona_prime_barrel,10.9,8.5
mag_prime_blueprint,121.33333333333333,110.0
furax_wraith_blueprint,18.333333333333332,9
frost_prime_systems,20.333333333333332,15
ice_spring,86.07692307692308,15
shattering_impact,16.818181818181817,15
morphic_transformer,14.11111111111111,10.0
helios_prime_cerebrum,51.888888888888886,48
paris_prime_lower_limb,8.285714285714286,5
triple_tap,err,err
malicious_raptor,34.84615384615385,30
shield_of_shadows,24.65,19.0
hollow_point,12.391304347826088,5
enduring_strike,35.2,35
sequence_burn,30.666666666666668,20.0
xiphos_fuselage,500,500
mantis_fuselage,31,31.0
bladed_rounds,39.42857142857143,27.5
shred,13.636363636363637,10.0
mantis_avionics,11.181818181818182,7
serration,58.483870967741936,60
arcane_healing,42.40909090909091,22.5
scimitar_fuselage,18.2,10
quick_return,21.75,23.5
lightning_rod,13.166666666666666,9.0
arcane_warmth,8.571428571428571,10
steel_charge,47.05882352941177,40
rage,19.095238095238095,14
lasting_sting,49.90909090909091,45
sancti_magistar,70.71428571428571,40
emp_aura,42.857142857142854,50
pacifying_bolts,28.166666666666668,25.0
metal_fiber,54,39.0
energy_amplifier,32.875,22.5
venari_bodyguard,23.625,15.5
virtuos_trojan,107.44444444444444,134
blinding_reave,29,25
dread_ward,28.333333333333332,20
prisma_grinlok,132.5,99.5
equinox_prime_chassis,8.875,7.0
stradavar_prime_blueprint,26.333333333333332,15.0
vaykor_marelok,75.71428571428571,50
serrated_rounds,err,err
xiphos_engines,500,500
titania_prime_neuroptics,11.25,8.5
pangolin_prime_blade,11.909090909090908,10
pangolin_prime_set,44.04545454545455,35.0
titania_prime_blueprint,12.176470588235293,10
revo_reducer,11.9,7.0
sentient_scalpel,14.181818181818182,8
titania_prime_set,91.8,72.5
tribunal,24.2,17.5
catapult,31.857142857142858,29
blazing_pillage,25.615384615384617,20
spellbound_harvest,30.1,25.0
cruising_speed,61.785714285714285,77.0
artillery_cheap_shot,26.833333333333332,20.0
turret_velocity,229.25,211.5
ordnance_cheap_shot,25.8,19
ballista_measure,145,150
quicklock,18.666666666666668,10.0
ordnance_velocity,83.33333333333333,90
primed_cleanse_grineer,206.96296296296296,218
primed_cleanse_infested,217.9375,230.0
primed_cleanse_corpus,199.5,215.0
primed_cleanse_corrupted,149.67857142857142,117.5
abundant_mutation,24.285714285714285,18.5
dizzying_rounds,902.5,902.5
revealing_spores,30.333333333333332,32.5
enraged,33.625,25.0
rubble_heap,27.88888888888889,20
precision_strike,90.75,88.5
deadly_maneuvers,655.25,700.0
banshee_prime_blueprint,12.375,9.5
chilling_reload,11.142857142857142,5
streamlined_form,19.055555555555557,15.0
drifting_contact,12.297297297297296,10
valkyr_prime_chassis,47.1875,30.0
primed_cryo_rounds,124.16279069767442,100.0
centaur_set,123.33333333333333,100
onorix_set,113.33333333333333,60
agkuza_set,165,165.0
healing_return,56.8,12.5
corvas_set,69.75,60.0
reinforcing_stomp,25.545454545454547,20
rathbone_set,89.25,58.5
relentless_combination,12.866666666666667,12
cernos_prime_blueprint,8.789473684210526,5
cernos_prime_lower_limb,36.75,27.5
cernos_prime_upper_limb,14.1,9.5
cernos_prime_grip,11.583333333333334,8.5
condition_overload,16.595744680851062,10
corroding_barrage,24.428571428571427,20
dispatch_overdrive,11.454545454545455,6
enduring_affliction,18.2,20
pistol_scavenger,32.4,19
wyrm_prime_set,167.92307692307693,140
naramon_transmute_core,73.33333333333333,50
vazarin_transmute_core,70,40
vengeful_revenant,18.56756756756757,10
astral_autopsy,79.5,80.0
ergos_boardroom_scene,err,err
agile_aim,32.142857142857146,5
anticipation,err,err
plains_of_eidolon_scene,60,60
shred_shot,err,err
burston_prime_barrel,7.666666666666667,5
ice_wave_impedance,28,28.0
volt_prime_systems,29.6,20
dakra_prime_blade,40.6,23
glaive_prime_disc,54.05,50.0
ayatan_ayr_sculpture,12.833333333333334,11.0
stretch,16,10.0
agkuza_guard,17.272727272727273,12
intensify,12.266666666666667,10.0
heavy_warhead,err,err
karak_wraith_stock,47.5,47.5
madurai_transmute_core,100,100.0
toxic_barrage,13.741935483870968,7
apex_predator,err,err
shotgun_ammo_mutation,19.90909090909091,19
calculated_victory,err,err
hyperion_thrusters,68.16666666666667,35.0
infested_impedance,34,30
hydroid_prime_systems,90.07142857142857,79.0
primed_animal_instinct,165.30434782608697,179.5
pilfering_strangledome,17.3125,14.5
proton_pulse,11.714285714285714,5
gas_city_lifts_scene,15,15
dog_days_scene,138.33333333333334,120
shockwave_actuators,1420,1420.0
assimilate,26.416666666666668,20.0
glaive_prime_set,285.94117647058823,250
scindo_prime_set,74.3157894736842,55
telos_boltace,54.888888888888886,39
latron_prime_receiver,41,41.0
latron_prime_stock,25.125,17.0
lex_prime_barrel,11.181818181818182,4
grineer_forest_factory_scene,30,30.0
heart_nyth,4,2.0
impenetrable_offense,err,err
sudas_datascape_scene,150,150
sybaris_prime_receiver,14.7,14.5
staggering_shield,31.714285714285715,30
akstiletto_prime_set,150,125.0
stropha_set,53.5,40.0
velox_set,36.666666666666664,10
stahlta_barrel,8.071428571428571,5.0
stahlta_set,30.46153846153846,15
velox_receiver,18.77777777777778,10
stropha_blade,11.133333333333333,9
stahlta_receiver,15.833333333333334,10.0
stropha_receiver,11.090909090909092,7
stropha_stock,6.761904761904762,5
stropha_barrel,12,9.5
stahlta_stock,13.142857142857142,9
velox_barrel,19,6
corpus_ship_hangar_scene,15,10
corpus_ship_bridge_scene,12.5,10.0
corpus_ship_orbital_cannon_scene,15,5
glaxion_vandal,144.91666666666666,99.5
primed_rubedo_lined_barrel,161.78787878787878,170.0
inaros_prime_set,78.97222222222223,60.0
inaros_prime_chassis,8.136363636363637,5.0
inaros_prime_neuroptics,51.8,45
inaros_prime_blueprint,14.384615384615385,10
inaros_prime_systems,10.666666666666666,10
panthera_prime_stock,9.846153846153847,9
karyst_prime_handle,8.125,4.5
karyst_prime_set,47.4,30
panthera_prime_set,66.8,50.0
panthera_prime_barrel,26.571428571428573,15
panthera_prime_receiver,27.545454545454547,20
panthera_prime_blueprint,8.923076923076923,7
karyst_prime_blueprint,14,10
karyst_prime_blade,25.25,16.5
vigilante_supplies,31.5,25.0
crushing_ruin,22.166666666666668,15.0
braton_prime_stock,7.857142857142857,3
dakra_prime_blueprint,40,40.0
narrow_minded,65.725,25.0
xiphos_avionics,170,70.0
stand_ground,err,err
glaive_prime_blueprint,136.91666666666666,130.0
primed_target_cracker,180.05263157894737,190.0
reflex_draw,25.833333333333332,15.0
akstiletto_prime_link,17.333333333333332,13
bane_of_corrupted,87.5,65.0
hunhows_datascape_scene,150,150
maim,17.8,10
oberon_prime_blueprint,13.615384615384615,10
looter,68.66666666666667,52.0
pistol_ammo_mutation,22.9,18.5
poisonous_sting,20,11.5
harrows_temple_scene,26.666666666666668,25
amaryns_retreat_scene,err,err
color_key_scene,75,75
phaedra_set,225,225
cernos_prime_string,10.5,6.5
cernos_prime_set,90.625,76.0
valkyr_prime_blueprint,12.952380952380953,10
valkyr_prime_set,88.05,79.0
venka_prime_blades,12.6,10
bounty_hunter,err,err
target_acquired,27.5,25.0
heartseeker,err,err
loyal_companion,19.77777777777778,22
martial_fury,err,err
decisive_judgement,20,15
twirling_spire,17.88888888888889,10
auxiliary_power,17.615384615384617,10
eidolon_lens_blueprint,26.8,20
gleaming_talon,25.05263157894737,20
scavenge,22.5,12.0
gunslinger,13.454545454545455,10
sundering_weave,9.272727272727273,5
impaler_munitions,err,err
phoenix_renewal,30.25,27.5
shell_shock,88.84615384615384,75
larva_burst,26.9,19.5
cleaving_whirlwind,10.333333333333334,9.0
crowd_dispersion,15.428571428571429,14
cyngas_receiver,18.88888888888889,15
odonata_prime_blueprint,13.461538461538462,9
blind_justice,11.263157894736842,5
full_contact,16.9,7.5
medi_ray,45.27272727272727,30
electromagnetic_shielding,26.25,15.0
imperator_vandal_set,124.875,100.0
afterburner,9.333333333333334,7.5
primed_pistol_gambit,165.48888888888888,175
vaykor_hek,64.8,40.0
hydraulic_barrel,57.5,57.5
saryn_prime_neuroptics,27.681818181818183,20.0
nami_skyla_prime_blade,76.66666666666667,80
kronen_prime_handle,16.444444444444443,11
gladiator_finesse,16.03030303030303,10
augur_reach,35.958333333333336,27.5
sacrifice,90.44444444444444,89.5
hunter_track,15.384615384615385,10
hunter_command,18.5,10.0
boar_prime_receiver,30.4,24
omega_beacon,3346.6666666666665,25
regenerative_molt,24.5,15.0
boar_prime_stock,84.14285714285714,60
gorgon_wraith_barrel,9.5,5.0
kogake_prime_boot,13.2,10
akbolto_prime_set,111.4,99
akbolto_prime_link,9.142857142857142,5
akbolto_prime_barrel,14.6,12
braton_vandal_blueprint,180.66666666666666,122
limbo_prime_set,175.14285714285714,160
partitioned_mallet,23.09090909090909,20
trapezium_xenorhast,6.5,6.5
juice,62.5,19.5
saxum_thorax,27.833333333333332,29.5
necramech_pressure_point,32.285714285714285,22.5
necramech_vitality,23.357142857142858,19.5
draining_bite,16.666666666666668,20
necramech_slipstream,48.57142857142857,20
acidic_spittle,100,100
endoparasitic_vector,err,err
necramech_thrusters,75.66666666666667,75
damaged_necramech_weapon_pod,5.529411764705882,3
faceted_tiametrite,5.5,5.5
damaged_necramech_engine,10.411764705882353,10
bomb_the_landin,34,19
ayatan_sah_sculpture,11,8
red_veil_augment_mod,19.5,19.5
cunning_aspect,err,err
reflect,12.0625,9.0
rending_wind,err,err
corvas_receiver,21.75,20.0
noble_cadence,err,err
thermagnetic_shells,9.291666666666666,6.5
corvas_stock,16.7,15.0
kinetic_ricochet,10.352941176470589,8
mortal_conduct,15,15
parry,20,17.5
sicarus_prime_blueprint,14.571428571428571,9
gorgon_wraith_set,39.294117647058826,20
rising_skill,err,err
fracturing_crush,32.5,25.0
fang_prime_blueprint,6.1,3.0
radiant_finish,29.833333333333332,29.5
ferocity,45.833333333333336,45.0
xiphos_set,1500,1500
high_voltage,85.38461538461539,75
vauban_prime_chassis,31.705882352941178,30
recharge_barrier,43.75,37.5
tempered_bound,err,err
focused_acceleration,43.333333333333336,50
collision_force,23.285714285714285,12.5
latron_prime_blueprint,19,15.0
braton_prime_blueprint,5.466666666666667,4
defiled_snapdragon,12.631578947368421,6
nikana_prime_hilt,82.91304347826087,78
recuperate,err,err
nikana_prime_set,123.18,110.0
vital_sense,12.515151515151516,10
valkyr_prime_systems,21.727272727272727,15.0
cyngas_set,200,200
broken_war_set,51.625,17.0
venka_prime_gauntlet,50.5,40.0
kaszas_set,66.66666666666667,30
velocitus_set,97.66666666666667,50
fluctus_set,200,200
dual_decurion_set,142.5,142.5
broad_eye,16.6,15
voltage_sequence,28.285714285714285,19
akbronco_prime_blueprint,7.333333333333333,5
cryo_rounds,10.7,7.0
silent_battery,15.923076923076923,10
phaedra_receiver,22,14.5
euphona_prime_receiver,53.333333333333336,35.0
transient_fortitude,75.41025641025641,85
concussion_rounds,13.6,10
howl,29.625,22.5
agkuza_handle,35,14.0
carrier_prime_systems,15.3,12.5
covert_lethality,18.09090909090909,15
feathered_arrows,90,90
loaded_capacity,9,9
loose_chamber,10,10
armored_evade,err,err
nano_applicator,17.416666666666668,5.0
focused_defense,2549.75,95.0
guided_ordnance,31,31.0
strun_wraith_blueprint,27.4,18
titanic_rumbler,26.555555555555557,20
spira_prime_blueprint,11.3125,7.5
spira_prime_set,180.26666666666668,150
sheev_blade,30,17.5
sheev_heatsink,24.166666666666668,16.0
sheev_set,63.81818181818182,50.0
rumbled,38.44444444444444,25
snipetron_vandal_blueprint,25.75,10.0
hunters_bonesaw,35.666666666666664,30.0
velocitus_barrel,19,16
toxin_resistance,17.4,12.5
nami_skyla_prime_set,204.6,175.0
kronen_prime_set,162.72727272727272,145.0
helios_prime_systems,14.857142857142858,10
extend,18.666666666666668,20.5
primed_fever_strike,163.26666666666668,175
exodia_contagion,202.46728971962617,120
tiberon_prime_set,56.07142857142857,40.0
exodia_epidemic,77.41176470588235,80
mirage_prime_systems,28.375,19.0
mirage_prime_blueprint,75.25,65.0
primed_quickdraw,181.13333333333333,165.0
mecha_recharge,22.545454545454547,10
synth_fiber,25.85,20.0
hush,26.333333333333332,25
fragor_prime_head,25.285714285714285,15
trample,42.5,42.0
metal_auger,10.941176470588236,5
master_thief,10.5,8.0
cryo_coating,40.166666666666664,25.0
bursting_mass,78.33333333333333,90.0
tipedo_prime_set,99.45,70.0
true_steel,19.285714285714285,25
four_riders,35.833333333333336,22.5
vectis_prime_blueprint,16.5,10.0
animal_instinct,16.08,10
combustion_beam,7.928571428571429,5.0
harkonar_scope,28.166666666666668,20.0
gas_city_walkway_scene,25.75,21.5
gas_city_dead_exit_scene,20,20.0
aerodynamic,39.06666666666667,30
atlas_prime_set,98.65625,77.5
tekko_prime_blade,44,37.5
tekko_prime_set,129.04761904761904,120
tekko_prime_blueprint,9.25,5.0
necramech_redirection,44.06666666666667,14
damaged_necramech_weapon_barrel,34.55555555555556,35
damaged_necramech_weapon_set,121.66666666666667,120
damaged_necramech_weapon_receiver,47.375,40.0
infectious_bite,14,14
paralytic_spores,15,15
crescent_devolution,err,err
panzer_devolution,92.5,92.5
anabolic_pollination,90,90
primo_flair,33.375,28.5
jugulus_barbs,34.8,8
saxum_carapace,45.93333333333333,45
hard_engage,20,20
vapor_trail,66.875,40.0
saxum_spittle,68.63636363636364,80
damaged_necramech_weapon_stock,36.25,37.5
necramech_reach,19.666666666666668,10
necramech_continuity,68.58333333333333,65.0
cabochon_embolos,3,3
necramech_steel_fiber,70.46153846153847,60
jugulus_spines,71.5,70.0
damaged_necramech_set,28,19.5
purified_heciphron,6,6.0
viral_quills,249.5,249.5
carnis_mandible,8.4375,5.0
damaged_necramech_pod,11.277777777777779,10.0
necramech_refuel,35.77777777777778,20
carnis_stinger,26.4375,10.0
crescent_charge,err,err
survival_instinct,117.5,117.5
deimos_underground_scene,99,99
deimos_cambion_drift_scene,59.5,59.5
hydroids_relay_scene,31.333333333333332,25
nezha_prime_blueprint,8.285714285714286,5.0
guandao_prime_blueprint,7.476190476190476,5
combo_killer,152.8,120
thrall_pact,23.53846153846154,18
critical_surge,25.375,21.5
theorem_demulcent,67.18181818181819,10
sporothrix_blueprint,10.461538461538462,5
necramech_efficiency,26.625,17.5
theorem_infection,189.25,10.0
arum_spinosa_blueprint,14.75,10.0
volatile_quick_return,10.6,5.0
blending_talons,27.363636363636363,20
arum_spinosa_guard,43.6,28
arum_spinosa_set,203,150
sporothrix_set,170.57142857142858,140
residual_shock,47,50
primed_firestorm,185.52380952380952,180
primed_fulmination,204.5,226.0
bonewidow_set,158.66666666666666,100
bonewidow_weapon_pod,50,35
bonewidow_casing,44.6,38
morgha_stock,err,err
cortege_barrel,err,err
necramech_enemy_sense,22.6,10
cortege_stock,err,err
necramech_rebuke,39.3,32.5
cortege_set,325.8,399
bonewidow_capsule,40,32.5
voidrig_set,87.88,70
necramech_aviator,39.42857142857143,10
ayatan_hemakara_sculpture,193.5,199.5
prisma_dual_decurion,151.25,135.0
cedo_barrel,50,50
cedo_receiver,50,50
cedo_set,53.57142857142857,30.0
mirage_prime_chassis,15.416666666666666,10.0
kogake_prime_blueprint,13.833333333333334,7.0
hornet_strike,64.95652173913044,75
sybaris_prime_stock,16.6,8
ore_gaze,26.77777777777778,15
vigilante_offense,16.833333333333332,11.0
magus_replenish,58.6,40.0
hunter_synergy,15.625,10.0
slicing_feathers,17.22222222222222,10.0
braton_vandal_receiver,20,20
braton_vandal_stock,133.33333333333334,100
peculiar_bloom,111.14285714285714,100
chroma_prime_set,91.25,67.0
raksa_kubrow_imprint,43.875,20.0
rubico_prime_set,110.33333333333333,80.0
gram_prime_blueprint,12,10.0
ambush,86.6,69
hunhows_chamber_scene,74.5,74.5
lua_containment_scene,150,150
silver_grove_shrine_scene,59.5,59.5
synth_reflex,11.363636363636363,7.5
synth_deconstruct,30.40909090909091,15.0
fetch,13.823529411764707,10
tek_enhance,26.772727272727273,20.0
crashing_havoc,err,err
spira_prime_pouch,67,40
transistor_shield,22.53846153846154,15
shell_rush,32,15
sheev_blueprint,47.5,47.5
sheev_hilt,24.8,10
banshee_prime_set,104.825,86.5
vauban_prime_set,223,198
mesas_waltz,20.526315789473685,15
fragor_prime_blueprint,22.714285714285715,14
sands_of_inaros,41.333333333333336,21.5
fragor_prime_handle,31.2,20
vauban_prime_systems,97.33333333333333,85
scattering_inferno,30,20
kaszas_handle,17.076923076923077,15
tesla_bank,24.333333333333332,20.0
guided_effigy,28.8,25
lasting_covenant,22,15.0
razorwing_blitz,23.75,17.0
magus_cloud,57.65,36.5
revenge,13.285714285714286,10
corrupt_charge,16.357142857142858,10.0
equilibrium,87.84,88
carrier_prime_cerebrum,61,44
final_harbinger,26.77777777777778,20
burston_prime_set,19.357142857142858,10.0
loki_prime_set,222.6818181818182,186.5
nova_prime_set,142.75,117.0
nyx_prime_set,94.8,75
soma_prime_set,123.17647058823529,90
twitch,21,9.0
venomous_rise,err,err
adrenaline_boost,14,14
blind_shot,err,err
kill_switch,34,34
saryn_prime_chassis,84.31818181818181,85.0
hunter_munitions,24.727272727272727,20
tiberon_prime_receiver,15,10
meteor_munitions,err,err
arcane_acceleration,122.48,146.5
augur_seeker,14.25925925925926,10
momentary_pause,err,err
eternal_war,30.2,20.0
boltor_prime_barrel,21.9,20.0
gladiator_rush,15.368421052631579,10
vigilante_vigor,14.15,5.0
braton_prime_receiver,7.916666666666667,4.5
overcharge_detectors,err,err
overview,25,22
prize_kill,err,err
quick_charge,err,err
primed_rifle_ammo_mutation,207.03846153846155,185.0
razor_munitions,err,err
arcane_arachne,25.93103448275862,20
arcane_momentum,22.903225806451612,15
arcane_precision,164.48387096774192,220
calm_and_frenzy,22.75,20.0
peaceful_provocation,25.75,22.5
saryn_prime_systems,15.515151515151516,10
delta_beacon,25,25
nikana_prime_blueprint,12.375,10.0
recover,err,err
nikana_prime_blade,30.555555555555557,20.0
pyroclastic_flow,24.333333333333332,20
galvanized_blade,21.333333333333332,14
zephyr_prime_neuroptics,10.375,8.5
zephyr_prime_set,104.25806451612904,99
gnashing_payara,11.6,5
kronen_prime_blueprint,8.6,5
tiberon_prime_barrel,33.5,25.0
kronen_prime_blade,60.285714285714285,42.5
winds_of_purity,47.42857142857143,35
retribution,13.416666666666666,8.0
live_wire,22.857142857142858,15
ivara_prime_set,99.8974358974359,80
proof_fragment,51.5,51.5
empowered_quiver,24,17.0
insatiable,26.153846153846153,19
vigorous_swap,94.97058823529412,107.5
anemic_agility,17.441176470588236,10.0
rolling_guard,80.86486486486487,70
muzzle_flash,28.88888888888889,20
grineer_forest_water_pump_scene,100,100
exodia_might,98,90
avenging_truth,45,45
mirage_prime_neuroptics,11.23076923076923,9
teshins_refuge_scene,300,300.0
ballistica_prime_upper_limb,17,9.0
dual_rounds,71.76190476190476,54
orvius_blade,10.071428571428571,4.0
burdened_magazine,15.9375,5.0
nami_skyla_prime_blueprint,16.875,12.0
sonic_boost,41.666666666666664,40
pax_bolt,36.8,30
akjagara_prime_set,157.2,115.0
akjagara_prime_link,12,9.0
magus_melt,104.3529411764706,20
resolute_focus,36.333333333333336,37.5
magus_firewall,188.57142857142858,200
magus_destruct,200.375,230.0
desiccations_curse,27.857142857142858,25
stradavar_prime_barrel,7.533333333333333,5
stradavar_prime_stock,12.727272727272727,10
repair_kit,18,17.5
aero_periphery,16.7,10.0
anti_grav_array,54.75,45.0
aero_agility,96,87.5
kavats_grace,111.8,100
stasis_field,err,err
tractor_beam,err,err
proton_snap,19.615384615384617,10
ventkids_clubhouse_scene,180,180
gas_city_lower_foyer_scene,21.8,10
gas_city_corridors_scene,30,30
gas_city_regulators_scene,15,12.5
primed_chamber,3730.34375,500.0
odonata_prime_wings,39.714285714285715,30
seeking_fury,10.642857142857142,7.5
eidolon_naramon_lens,125,125
meteor_crash,15.23076923076923,10
tiberon_prime_stock,42.333333333333336,25
magus_husk,75.25,42.5
magus_elevate,44.44,35
hunter_recovery,16.071428571428573,12.5
guardian,16,16
mirage_prime_set,122.77777777777777,100.0
smoke_shadow,23.357142857142858,15.0
spectra_vandal_handle,24.88888888888889,19
spectra_vandal_blueprint,17.53846153846154,10
shatter_burst,19.9,9.5
breach_quanta,40,40.0
tether,25,25.0
prisma_twin_gremlins,124.61538461538461,100
celestial_nightfall,err,err
primed_charged_shell,139.3,130.0
akjagara_prime_barrel,42,30
charged_bullets,22.228571428571428,15
particle_ram,109.22222222222223,130
blackout_pulse,80.52631578947368,36
sabot_rounds,52.5,49.5
rubico_prime_receiver,10.642857142857142,8.0
galatine_prime_blade,12.2,9
gram_prime_set,46.25,30.0
sancti_tigris,67.33333333333333,40
rubico_prime_stock,16.357142857142858,11.5
nekros_prime_blueprint,79.6,75.0
trinity_prime_systems,26,20.0
pistol_amp,20.263157894736842,10
preparation,91.5609756097561,115
titania_prime_chassis,11.454545454545455,10
corinth_prime_stock,26.166666666666668,15.0
corinth_prime_blueprint,10.538461538461538,9
titania_prime_systems,56.22222222222222,48
necramech_intensify,26.413793103448278,19
fury,13.666666666666666,8.5
citrine_antitoxin,95,95
pathocyst_subcortex,13.090909090909092,7
atlas_prime_systems,11.444444444444445,8.0
atlas_prime_neuroptics,74.14285714285714,70
atlas_prime_blueprint,9.1875,5.0
dethcube_prime_systems,10.75,9.0
pyrana_prime_set,103.4,85
savage_silence,23.333333333333332,19.5
reaping_chakram,23.5,15.0
supra_vandal,111.86666666666666,98
limbo_prime_blueprint,10.588235294117647,9
braton_vandal_barrel,14.090909090909092,10
ravage,13.782608695652174,5
destreza_prime_blueprint,8.272727272727273,5
master_key,21.666666666666668,12.5
out_of_sight,30,10
khra,17.833333333333332,14.5
lohk,21.875,15.0
blood_for_ammo,20.125,12.5
failsafe,16.785714285714285,10.0
blood_for_energy,30.375,17.5
xata,20.470588235294116,15
split_flights,126.44444444444444,120
gram_prime_blade,10.833333333333334,5.0
voltaic_strike,86.55555555555556,74.5
limbo_prime_chassis,78.63636363636364,70
ayatan_anasa_sculpture,14.55,13.5
lato_vandal_receiver,12,10
tek_assault,50.22222222222222,30
tek_gravity,12,8
tek_collateral,13.909090909090908,11.0
synth_charge,20.625,10.0
mecha_overdrive,28.375,18.0
star_divide,err,err
spira_prime_blade,31.466666666666665,20
snipetron_vandal_receiver,29.5,14.5
energy_field,14.692307692307692,10
zodiac_shred,25.2,15.0
air_thrusters,50,50
primed_regen,164.1764705882353,179.5
rifle_aptitude,16.083333333333332,10.0
augur_pact,11.206896551724139,5
fatal_teleport,23.272727272727273,15
proboscis,38.666666666666664,36
furor,15.1,11.5
virulent_scourge,16.444444444444443,10.0
lex_prime_receiver,7.6923076923076925,5
slay_board,45.6,60
mesa_prime_neuroptics,59.18181818181818,50
redeemer_prime_handle,81.22222222222223,70
critical_focus,38.48780487804878,35
ammo_chain,17.1,12.5
cetus_scene,err,err
ion_infusion,17.75,15.0
wolf_sledge_handle,22.8125,10.0
equinox_prime_set,111.06451612903226,97
necramech_seismic_wave,23,12.5
necramech_stretch,31.625,12.5
granum_void_scene,18,8.5
bhisaj_bal,57.833333333333336,55.0
necramech_deflection,34.416666666666664,15.0
botanist,88.66666666666667,70
combo_fury,102.6,90.0
guandao_prime_set,56.78947368421053,50
zakti_prime_set,44.94736842105263,30
residual_boils,51.38461538461539,10
sporothrix_receiver,51.666666666666664,42.5
necramech_flow,25.84375,18.0
volatile_parasite,34,34.5
residual_viremia,16.142857142857142,10
residual_malodor,40.266666666666666,19
mach_crash,25.333333333333332,19
volatile_rebound,28.46153846153846,20
sporothrix_barrel,55.666666666666664,47.0
ayatan_kitha_sculpture,50,25
theorem_contagion,106.83333333333333,71.5
morgha_receiver,err,err
cortege_receiver,err,err
voidrig_engine,38.55555555555556,30
necramech_augur,63.6,85
bonewidow_engine,63.6,60
cedo_stock,50,50
adaptation,69.73913043478261,30.0
sharpshooter,74.83333333333333,52.5
power_donation,35.92,30
cautious_shot,112.9090909090909,115.0
counter_pulse,31.875,22.5
baza_prime_barrel,8.714285714285714,5
aksomati_prime_barrel,13.428571428571429,10
grendel_systems_locator,49,50
spectra_vandal_chassis,27.714285714285715,20
spectra_vandal_set,126.11111111111111,100
primed_smite_grineer,184.29787234042553,175
sentient_concourse_scene,err,err
grendel_chassis_locator,44.166666666666664,45.0
fire_suppression,19.25,10.0
ion_burn,20.333333333333332,10
battle_forge,29,24.5
mending_splinters,24.333333333333332,20
despoil,18.657894736842106,13.5
enveloping_cloud,26.25,25.0
jet_stream,29,20
corvas_barrel,19,15.0
no_current_leap,err,err
patagium,20.2,21
prisma_skana,110.3,92.5
bronco_prime_set,26.818181818181817,24
astral_slash,32.333333333333336,15
zephyr_prime_systems,54.833333333333336,47.0
duality,21.8,20
push_and_pull,err,err
efficient_transferral,17.761904761904763,10
gas_city_upper_logistics_scene,10,10
lua_zenurik_lens,99.11764705882354,65
lapis_antitoxin,95,95
vermillion_antitoxin,err,err
exposing_harpoon,100,100
efficient_beams,199.28571428571428,180
companion_weapon_riven_mod_(veiled),45.25,45.5
beryl_antitoxin,95,95
meticulous_aim,40,40.0
lua_lens_blueprint,18.785714285714285,10.0
lua_madurai_lens,65.66666666666667,55
topaz_antitoxin,95,95
amethyst_antitoxin,95,95
lua_vazarin_lens,55.473684210526315,30
lua_naramon_lens,73,40.0
arcane_tanker,142.2173913043478,150
arcane_pistoleer,202.46666666666667,245
pathocyst_blueprint,16,7
pathocyst_blade,42.666666666666664,40
pathocyst_set,101.3,100.0
concentrated_arrow,23.916666666666668,20.0
ash_prime_set,212.1304347826087,190
limbo_prime_neuroptics,63,51.5
energy_transfer,25.272727272727273,20
smeeta_kavat_imprint,105.85714285714286,45
chroma_prime_blueprint,8.692307692307692,5
ayatan_zambuka_sculpture,64.5,69.0
auto_breach,19,10.5
untraceable,27.09090909090909,15
vome,23.533333333333335,15
fass,22.866666666666667,15
twin_vipers_wraith_barrels,54.666666666666664,74
marquise_thyst,4.428571428571429,4
sahasa_kubrow_imprint,41.5,20.0
huras_kubrow_imprint,68,49.5
goblite_tears,10,10
nitro_boost,31.77777777777778,20
extreme_velocity,36.9,30.0
pax_charge,33.69230769230769,34.0
mesa_prime_set,127.46341463414635,109
mesa_prime_systems,57.333333333333336,50
mesa_prime_chassis,10.714285714285714,10
magus_revert,93,79.0
intruder_stasis,15.25,14.0
hyperstrike,11.3,4.5
predator,28.5,30.0
conic_nozzle,14.384615384615385,10
ripload,20.75,14.5
pennant_blueprint,55.94117647058823,35
form_up,41.142857142857146,50
quellor_blueprint,39.214285714285715,29.5
seeker_volley,64.57142857142857,75
reactive_storm,23.8125,20.0
synoid_simulor,66.66666666666667,45.0
rubico_prime_blueprint,50.666666666666664,40.0
trinity_prime_chassis,24.571428571428573,15
growing_power,47.37931034482759,39
blood_for_life,24.8,15
jahu,18.571428571428573,14.0
ris,17.77777777777778,14.0
netra,22.25,15.0
ivara_prime_blueprint,16.818181818181817,10
aksomati_prime_blueprint,8.125,4.0
shedu_handle,19.88888888888889,16.5
spectra_vandal_barrel,39.75,34.5
vasca_kavat_imprint,39.833333333333336,22.5
primed_smite_corrupted,193.10526315789474,154.5
grendel_neuroptics_locator,42.333333333333336,42.5
forward_artillery,95.5,110.0
munitions_vortex,15.88888888888889,5
chamber_of_the_lotus_scene,85,85.0
seeking_shuriken,19.61904761904762,15
shocking_speed,27.5,22.5
arcane_avenger,165.8125,216.5
nekros_prime_set,210.85714285714286,192.5
arcane_phantasm,31.785714285714285,10.0
nekros_prime_systems,86.15,72.0
chroma_prime_systems,20.7,14.0
last_herald,err,err
arcane_rage,69.25,65.0
chroma_prime_chassis,10.8125,10.0
galatine_prime_set,103,80.0
chroma_prime_neuroptics,39.25,24.0
akjagara_prime_blueprint,9.666666666666666,6.0
strain_infection,66.66666666666667,25
quick_escape,34.333333333333336,27.0
void_hole,89.9,90.0
death_blossom,85,95.0
sentient_altar_scene,err,err
zylok,142.58333333333334,124.5
galatine_prime_handle,10.454545454545455,10
cold_arrival,52,62.0
vexing_retaliation,26.88888888888889,20
magus_lockdown,91.74193548387096,100
chesa_kubrow_imprint,53.5,22.5
rakta_cernos,71.4,50.0
pop_top,47.2,60
dual_kamas_prime_blade,82.8,80.0
controlled_slide,26.875,25.0
mending_shot,122.46153846153847,145
ironclad_flight,34.857142857142854,30
pangolin_prime_handle,12.166666666666666,8.5
corinth_prime_set,96.70588235294117,70
pangolin_prime_blueprint,25.125,17.5
overloader,15.11111111111111,10
corinth_prime_barrel,60.411764705882355,50
corinth_prime_receiver,12.133333333333333,9
damaged_necramech_casing,6.153846153846154,3
stellated_necrathene,5.1,2.5
purged_dagonic,10,10
transfusion,10,10.0
carnis_carapace,11.9,9.5
jugulus_carapace,76.25,72.5
sly_devolution,55,55
blast_shield,err,err
iatric_mycelium,err,err
deimos_vault_scene,err,err
deimos_chamber_scene,err,err
deimos_breakthrough_scene,err,err
necramech_streamline,33.125,22.5
grineer_galleon_cargo_scene,err,err
orbiter_scene,600,600.0
artillery_battery_scene,err,err
deimos_catacombs_scene,99.5,99.5
deimos_tunnels_scene,99,99
damzav_vati,50.5,45.0
hata_satya,50.888888888888886,40
zazvat_kar,53.57142857142857,60
corpus_depository_scene,9.555555555555555,5
necramech_hydraulics,32.63636363636363,20
necramech_blitz,37.875,17.5
gas_city_element_distribution_scene,21.666666666666668,25
necramech_fury,25.8,10
deimos_downfall_scene,99,99
guandao_prime_blade,19.5,16.5
zakti_prime_blueprint,21.357142857142858,10.5
guandao_prime_handle,27.571428571428573,18
zakti_prime_barrel,12.714285714285714,4
nezha_prime_systems,8.944444444444445,4.5
nezha_prime_chassis,30.53846153846154,20
zakti_prime_receiver,13.875,8.0
nezha_prime_neuroptics,41.333333333333336,25
nezha_prime_set,87.07692307692308,65
necramech_drift,21.6,10.0
sporothrix_stock,67,50
arum_spinosa_rivet,77,70.0
martyr_symbiosis,43.4,45.0
necramech_friction,24.88888888888889,10.0
necramech_repair,90,75
voidrig_casing,35.666666666666664,27.5
morgha_set,286,230
ceti_lacera_blueprint,75.27272727272727,45.0
necramech_rage,57.95454545454545,40.0
morgha_barrel,err,err
voidrig_capsule,31.181818181818183,20
basmu_blueprint,80.63157894736842,50
voidrig_weapon_pod,30.8,20.0
cedo_blueprint,29.5,29.5
octavia_prime_blueprint,37.833333333333336,27.0
tenora_prime_blueprint,6.2727272727272725,5
tenora_prime_receiver,21.285714285714285,15.0
pandero_prime_set,34.57692307692308,20.0
tenora_prime_stock,6.166666666666667,4.0
tenora_prime_set,56.81818181818182,44.5
pandero_prime_barrel,6.9,4.5
tenora_prime_barrel,16.133333333333333,10
octavia_prime_chassis,15.666666666666666,10.0
octavia_prime_neuroptics,9.5,5.0
pandero_prime_receiver,22,15
octavia_prime_systems,10.035714285714286,5.0
pandero_prime_blueprint,10.75,5.0
octavia_prime_set,72.84745762711864,50
primed_chilling_grasp,142.7560975609756,120.0
equilibrium_(steam_pinnacle_pack),err,err
mark_of_the_beast,140.33333333333334,114.5
nihils_oubliette_(key),111,114.5
baro_void_signal_(key),70,45
requiem_iv_relic,3.5714285714285716,4
requiem_iii_relic,4.1,3.5
requiem_ii_relic,4.090909090909091,4
requiem_i_relic,3.4444444444444446,3
axi_h3_relic,20,20
axi_o2_relic,err,err
axi_k2_relic,25,25.0
axi_r1_relic,120,120
axi_b2_relic,err,err
axi_l5_relic,32.5,32.5
axi_p1_relic,80,80
axi_m1_relic,100,100
axi_d1_relic,20,20
axi_g2_relic,err,err
axi_o1_relic,30,30.0
axi_v8_relic,19.666666666666668,20
axi_h2_relic,80,80
axi_c2_relic,err,err
axi_a10_relic,20,20
axi_t5_relic,50,50
axi_t4_relic,7,7
axi_g4_relic,30,30
axi_h1_relic,200,200
axi_s5_relic,23,10.5
axi_v9_relic,24.333333333333332,12.5
axi_e2_relic,12.5,12.5
axi_s3_relic,23.333333333333332,10
axi_b1_relic,err,err
axi_e1_relic,22.8,22
axi_a2_relic,6,6
axi_t6_relic,err,err
axi_c6_relic,20,20.0
axi_w2_relic,15,15
axi_a13_relic,err,err
axi_o5_relic,20,20.0
axi_s6_relic,35.333333333333336,50
axi_c1_relic,err,err
axi_s8_relic,25,25
axi_v10_relic,15,15
axi_s7_relic,err,err
axi_z1_relic,50,50
axi_v5_relic,100,100
axi_a3_relic,16.666666666666668,20
axi_v7_relic,40,40.0
axi_c4_relic,50,50
axi_l3_relic,50,50
axi_h4_relic,50,50
axi_r2_relic,50,50.0
axi_a5_relic,22.5,22.5
axi_s4_relic,35,35
axi_v4_relic,err,err
axi_l4_relic,26,24.0
axi_a4_relic,10,10
axi_l2_relic,12.5,12.5
axi_o3_relic,43.75,37.5
axi_k3_relic,172.33333333333334,12
axi_g1_relic,100,100
axi_t1_relic,50,50
axi_a9_relic,err,err
axi_p3_relic,50,50
axi_d2_relic,err,err
axi_b3_relic,30,30.0
axi_a8_relic,err,err
axi_w1_relic,22,14.5
axi_b4_relic,50,50
axi_c5_relic,50,50
axi_a11_relic,err,err
axi_n3_relic,err,err
axi_v6_relic,38.333333333333336,50
axi_n5_relic,33.333333333333336,35
axi_n4_relic,30,30
axi_v3_relic,err,err
axi_n2_relic,25,25.0
axi_v2_relic,err,err
axi_k5_relic,80,80
axi_t2_relic,err,err
axi_s2_relic,37.5,37.5
axi_l1_relic,49.5,49.5
axi_a1_relic,20,20.0
axi_n1_relic,35,35.0
axi_o4_relic,50,50
axi_k4_relic,9,9
axi_c3_relic,80,80
axi_k1_relic,15,15
axi_a12_relic,20,20.0
axi_h5_relic,22,10
axi_v1_relic,err,err
axi_t3_relic,10,10
axi_g3_relic,err,err
axi_r3_relic,err,err
axi_a6_relic,err,err
axi_p2_relic,err,err
axi_a7_relic,34.57142857142857,35
axi_n6_relic,35,35.0
axi_s1_relic,15,15
neo_z1_relic,15,15
neo_b4_relic,11,10
neo_k1_relic,23.25,5.0
neo_n7_relic,25.333333333333332,20
neo_b3_relic,err,err
neo_n6_relic,30,30
neo_r2_relic,10,10
neo_z3_relic,err,err
neo_s12_relic,err,err
neo_b2_relic,23.2,25
neo_o1_relic,18.333333333333332,20
neo_s6_relic,err,err
neo_v5_relic,11,10
neo_r4_relic,11.333333333333334,10
neo_m3_relic,7.6,7
neo_p1_relic,6.666666666666667,5
neo_i2_relic,9.5,10.0
neo_b1_relic,err,err
neo_s13_relic,14.727272727272727,10
neo_n5_relic,62.5,62.5
neo_r1_relic,12,12.0
neo_t1_relic,err,err
neo_s5_relic,23.25,22.5
neo_n15_relic,6.5,6.5
neo_b7_relic,4,4.0
neo_p2_relic,3,3
neo_z7_relic,4,4
neo_n14_relic,4.5,4.5
neo_g3_relic,15,15
neo_n11_relic,21.333333333333332,20
neo_n4_relic,30,30.0
neo_v9_relic,20,20.0
neo_n12_relic,16.75,18.5
neo_e2_relic,err,err
neo_z6_relic,err,err
neo_s14_relic,err,err
neo_n13_relic,err,err
neo_d2_relic,err,err
neo_v4_relic,42.5,42.5
neo_v6_relic,15,15
neo_m1_relic,15.6,10
neo_s9_relic,err,err
neo_m2_relic,6.333333333333333,5
neo_z2_relic,7,7.0
neo_n9_relic,err,err
neo_a1_relic,err,err
neo_v8_relic,100,100
neo_b5_relic,10,10.0
neo_v7_relic,21,10.0
neo_n8_relic,11.571428571428571,10
neo_l1_relic,13,9.5
neo_v3_relic,16,16
neo_v2_relic,15.6,10
neo_g2_relic,11,10
neo_r3_relic,13.333333333333334,15
neo_z5_relic,8,5
neo_i1_relic,17.5,17.5
neo_t3_relic,10,10.0
neo_n3_relic,err,err
neo_h1_relic,15,10
neo_s8_relic,10,10
neo_s7_relic,4.5,5.0
neo_s3_relic,14,14.0
neo_d1_relic,err,err
neo_c1_relic,err,err
neo_n10_relic,15,15
neo_s11_relic,err,err
neo_e1_relic,err,err
neo_f1_relic,40,40
neo_v1_relic,20,20
neo_n2_relic,500,500
neo_h2_relic,8,8
neo_a2_relic,2,2
neo_g1_relic,err,err
neo_k2_relic,err,err
neo_n1_relic,20,20
neo_b6_relic,4,4.0
neo_s2_relic,30,30
neo_a3_relic,6,6
neo_z4_relic,err,err
neo_t2_relic,5.5,4.5
neo_a4_relic,16,16.0
neo_s10_relic,30.5,30.5
neo_s1_relic,45.25,35.0
meso_t2_relic,12,12
meso_t1_relic,12.5,12.5
meso_o2_relic,5,5
meso_s6_relic,35,35
meso_m1_relic,1000,1000
meso_v5_relic,50,50
meso_n7_relic,err,err
meso_k2_relic,15,15
meso_a2_relic,6,6
meso_n4_relic,35,35
meso_s5_relic,24.5,24.5
meso_o1_relic,err,err
meso_c5_relic,8,8
meso_r3_relic,10,10.0
meso_e4_relic,12,12.5
meso_v4_relic,err,err
meso_n8_relic,20.625,18.0
meso_s4_relic,err,err
meso_n6_relic,35,15
meso_n3_relic,err,err
meso_f2_relic,32.57142857142857,20
meso_t4_relic,err,err
meso_d6_relic,err,err
meso_p4_relic,4,4
meso_o4_relic,21.666666666666668,20
meso_s3_relic,100,100
meso_n11_relic,100,100
meso_d5_relic,10,10
meso_g2_relic,err,err
meso_c6_relic,5,5
meso_v3_relic,61,61.0
meso_k1_relic,20,20
meso_h1_relic,12,12
meso_m2_relic,8,8
meso_a1_relic,err,err
meso_z2_relic,err,err
meso_p1_relic,err,err
meso_b3_relic,28,28.0
meso_c2_relic,err,err
meso_o3_relic,75,75
meso_s7_relic,37,6
meso_b2_relic,err,err
meso_z1_relic,err,err
meso_d2_relic,40,40.0
meso_f1_relic,35,35
meso_s2_relic,17.8,14
meso_l1_relic,18.333333333333332,20
meso_c4_relic,20,20
meso_r2_relic,20,20
meso_n9_relic,8,8
meso_b4_relic,6.666666666666667,6
meso_i1_relic,err,err
meso_k3_relic,13.5,13.5
meso_n10_relic,11.5,11.5
meso_p3_relic,err,err
meso_p2_relic,err,err
meso_s1_relic,err,err
meso_g1_relic,25,25.0
meso_c3_relic,69.5,69.5
meso_n5_relic,16.333333333333332,17
meso_v1_relic,err,err
meso_b1_relic,err,err
meso_e2_relic,10.5,10.5
meso_z3_relic,err,err
meso_m3_relic,8,8
meso_f3_relic,65,65.0
meso_e1_relic,45,45.0
meso_n2_relic,17.5,17.5
meso_v2_relic,err,err
meso_r1_relic,err,err
meso_d3_relic,15,15.0
meso_t3_relic,8,8
meso_s8_relic,err,err
meso_c1_relic,26.666666666666668,20
meso_e5_relic,err,err
meso_n1_relic,15,15
meso_e3_relic,12.5,12.5
meso_d4_relic,8,8.0
meso_w1_relic,err,err
meso_v6_relic,63.5,63.5
meso_s9_relic,109,109.0
meso_d1_relic,20,20.0
lith_h2_relic,8,8
lith_z1_relic,8,8
lith_b1_relic,525,525.0
lith_a2_relic,18.5,18.5
lith_l1_relic,err,err
lith_w1_relic,12,12
lith_v4_relic,20,20.0
lith_s6_relic,err,err
lith_n3_relic,19.75,17.0
lith_n4_relic,16.666666666666668,15
lith_m5_relic,7.2,6
lith_c6_relic,6,6
lith_c5_relic,34.75,16.0
lith_v6_relic,17,17
lith_v3_relic,15.666666666666666,10
lith_b4_relic,28.75,19.5
lith_n2_relic,err,err
lith_g1_relic,35.8,37.5
lith_i1_relic,err,err
lith_t5_relic,err,err
lith_g3_relic,5,5
lith_b8_relic,7.5,7.5
lith_d4_relic,err,err
lith_t3_relic,25,25
lith_s9_relic,err,err
lith_s5_relic,20,20
lith_c7_relic,err,err
lith_k4_relic,err,err
lith_t4_relic,err,err
lith_n6_relic,err,err
lith_b7_relic,err,err
lith_p5_relic,3.5,3.5
lith_d3_relic,err,err
lith_n5_relic,err,err
lith_p4_relic,15,15
lith_s4_relic,18,15
lith_s7_relic,8.5,8.5
lith_c2_relic,13.4,10
lith_k2_relic,err,err
lith_b6_relic,err,err
lith_m3_relic,9.666666666666666,9
lith_c4_relic,3.5,3.5
lith_m2_relic,27.666666666666668,28
lith_v2_relic,19.285714285714285,15
lith_o2_relic,80,80
lith_p1_relic,10,10
lith_t2_relic,25.5,9.5
lith_v5_relic,41,41.0
lith_b3_relic,15,15
lith_n1_relic,err,err
lith_k1_relic,10,10
lith_c1_relic,err,err
lith_w2_relic,11.1,10.0
lith_s10_relic,err,err
lith_p3_relic,err,err
lith_d2_relic,9,9
lith_m6_relic,13,13
lith_s3_relic,err,err
lith_h1_relic,35,35
lith_b2_relic,10,10
lith_t1_relic,12.333333333333334,7
lith_a1_relic,60,15.0
lith_m1_relic,20,20.0
lith_p2_relic,6,6
lith_a3_relic,5,5
lith_m4_relic,10,10.0
lith_g2_relic,65,65.0
lith_f2_relic,15,15.0
lith_v1_relic,42.5,42.5
lith_b5_relic,15,15
lith_c3_relic,12.5,12.5
lith_z2_relic,err,err
lith_o1_relic,7.5,7.5
lith_f1_relic,15,15
lith_m7_relic,9,9.0
lith_k5_relic,20,20
lith_s2_relic,15,15
lith_k3_relic,err,err
lith_d1_relic,7.2,9
lith_l2_relic,5,5
lith_s8_relic,8.142857142857142,10
lith_v8_relic,30,30.0
lith_v7_relic,29.75,30.0
lith_s1_relic,15,15
aquapulmo,8,8
ostimyr,10,10
vitreospina,7.25,7.5
cryptosuctus,err,err
barbisteo,3,3
kymaeros,err,err
amniophysi,6.5,6.5
lobotriscid,err,err
flagellocanth,12.333333333333334,12
glutinox,7.5,7.5
myxostomata,10.4,10
duroid,8,8.0
chondricord,9.5,7.5
charc_eel,err,err
goopolla,err,err
murkray,3.5714285714285716,3
sharrac,2.3333333333333335,2
karkina,2,2
mawfish,err,err
khut_khut,20,20
yogwun,20,20
tralok,err,err
mortus_lungfish,20,20
glappid,3.6666666666666665,3
norg,4.833333333333333,5.0
cuthol,5,5.0
mirewinder,err,err
sapcaddy,err,err
eye_eye,4,4
echowinder,err,err
brickie,err,err
kriller,2,2
synathid,6.133333333333334,5
charamote,3.25,3.5
tromyzon,6,4.5
scrubber,err,err
tink,err,err
recaster,5,5
longwinder,5,5
hemorrhage,22.4375,19.5
auto_omni,1000,1000
votive_onslaught,20.09090909090909,10
cordon,err,err
internal_bleeding,30.058823529411764,25
fortifying_fire,37.75,32.5
nautilus_cerebrum,40,22.5
nautilus_blueprint,31.25,20.0
protective_shots,20.166666666666668,11.5
crimson_fugue,77.07692307692308,10
scourging_warheads,15.4,10
worms_torment,17.2,10.0
defensive_fire,19,9
orgone_tuning_matrix,17.714285714285715,15
indomitable_matrix,28.285714285714285,20
nautilus_set,315,315.0
ironclad_matrix,20.384615384615383,10
granums_nemesis,11.363636363636363,5
onslaught_matrix,17.77777777777778,14
waveband_disruptor,35.5,33.5
nautilus_carapace,48,25.0
raider_matrix,20.2,14
phoenix_blaze,65.33333333333333,10
nautilus_systems,50,30
carmine_penta_receiver,23.636363636363637,15
carmine_penta_stock,34.166666666666664,22.5
carmine_penta_barrel,32.5,17.5
carmine_penta_blueprint,23.5,14.5
carmine_penta_set,157.1818181818182,100
athodai_blueprint,44.75,32.0
athodai_barrel,52.25,40.0
athodai_receiver,48.5,41.0
athodai_set,140,110.0
halikar_wraith,154.5,135.0
epitaph_receiver,16.166666666666668,9.0
epitaph_set,40.095238095238095,30
epitaph_barrel,20.88888888888889,13
epitaph_blueprint,14.666666666666666,10
deimos_depths_scene,16,10
deimos_heart_scene,28,25
deimos_cenote_scene,6,6
deimos_crypt_scene,5.75,5.0
infested_ship_hologram_scene,err,err
the_cold_below_scene,12,12.0
deimos_forsaken_scene,33.333333333333336,40
deimos_membrane_scene,7,6
deimos_verge_scene,16.666666666666668,5
axi_g5_relic,16.75,6.5
neo_k3_relic,6.75,6.5
neo_z8_relic,5,5
meso_r4_relic,err,err
lith_c8_relic,10,10.0
lith_t6_relic,13.5,13.5
saturn_six_scene,err,err
meso_p5_relic,err,err
lith_k6_relic,err,err
axi_g6_relic,err,err
volnus_prime_handle,22.266666666666666,12
volnus_prime_head,10.416666666666666,7.5
neo_t4_relic,4,4
meso_t5_relic,err,err
meso_z4_relic,err,err
neo_v10_relic,7.666666666666667,5
gara_prime_blueprint,29.63157894736842,20
volnus_prime_set,29.56,15
gara_prime_set,60.36842105263158,40.0
gara_prime_neuroptics,7.041666666666667,5.0
gara_prime_systems,10.115384615384615,5.0
astilla_prime_blueprint,6.75,5.0
axi_n7_relic,50,50
astilla_prime_receiver,10.333333333333334,7.0
astilla_prime_barrel,26.142857142857142,15.0
astilla_prime_set,39.708333333333336,27.5
lith_a4_relic,20,20
axi_i1_relic,30,30
astilla_prime_stock,7.416666666666667,4.0
volnus_prime_blueprint,6.888888888888889,3.5
neo_a5_relic,err,err
gara_prime_chassis,20.90909090909091,19
lith_g4_relic,1,1
repair_dispensary,24,22.0
primed_tactical_pump,193.2962962962963,199
airburst_rounds,36.666666666666664,30.0
neo_d3_relic,err,err
fused_reservoir,21.944444444444443,15.0
hearty_nourishment,24.11111111111111,15
axi_t7_relic,50,50
prisma_machete,121.75,100.0
opticor_vandal,153.625,107.5
galvanized_hell,79.9322033898305,70
malicious_code,9.571428571428571,10
cela_bracket_blueprint,26,15
evasive_denial,70,70
galvanized_diffusion,86.3076923076923,95.0
swift_mercy,23.428571428571427,10
wanz_stabilizer_blueprint,24.8,15
galvanized_aptitude,84.02325581395348,90
zubb_bracket_blueprint,24.25,12.5
hec_hound_blueprint,29.4,20
galvanized_scope,88.82222222222222,95
galvanized_acceleration,80.05,65.0
power_drain,30.5,22.5
counterbalance,28.6,24
hinta_stabilizer,25,12.5
repo_audit,40,40.0
galvanized_crosshairs,81.41025641025641,70
garmr_core_blueprint,18.333333333333332,10.0
focused_prospectus,40,40.0
dorma_hound_blueprint,28,18.5
hard_reset,28.333333333333332,20.0
bhaira_hound_blueprint,31.333333333333332,19
galvanized_shot,79.93023255813954,60
reflex_denial,31.75,22.5
adlet_core_blueprint,21,15
aerial_prospectus,21.5,14.5
synergized_prospectus,37.5,37.5
frak_stabilizer_blueprint,22.8,15
raiju_core_blueprint,23,15
firewall,21,9.5
galvanized_savvy,88.04255319148936,90
urga_bracket_blueprint,27.25,15.0
null_audit,35,25
oull,33.388888888888886,25.0
diversified_denial,55.666666666666664,69.5
equilibrium_audit,40,40.0
galvanized_chamber,75.55932203389831,60
new_loka_combat_emote,70,70
cephalon_suda_piloting_emote,115,115
red_veil_chest_piece,err,err
perrin_piloting_emote,70,70
suda_chest_piece,125,125
arbiters_piloting_emote,115,115
red_veil_knee_guards,err,err
secondary_merciless,22.96923076923077,10
primary_merciless,32.68181818181818,20.0
meridian_chest_plate,50,50
meridian_armor_set,107,75
meridian_arm_spurs,50,50
cephalon_suda_gunnery_emote,115,115
solaris_leg_spurs,75,75
lokan_knee_spurs,err,err
arbiters_combat_emote,115,115
steel_meridian_combat_emote,100,100
steel_meridian_piloting_emote,100,100
secondary_dexterity,18.21212121212121,10.0
lokan_arm_plates,err,err
suda_leg_spurs,125,125
steel_meridian_endurance_emote,100,100
perrin_armor_set,96.66666666666667,100
ostron_chest_guard,err,err
cephalon_suda_endurance_emote,115,115
perrin_leg_guards,err,err
hexis_chest_plate,125,125
suda_arm_spurs,125,125
suda_armor_set,89.33333333333333,74
perrin_chest_piece,err,err
perrin_endurance_emote,70,70
hexis_arm_plates,125,125
solaris_chest_marker,75,75
solaris_armor_set,94,110
red_veil_engineering_emote,70,70
new_loka_engineering_emote,70,70
red_veil_arm_insignia,err,err
lokan_armor_set,75,75.0
new_loka_piloting_emote,70,70
solaris_arm_guards,75,75
arbiters_engineering_emote,115,115
ostron_armor_set,err,err
perrin_arm_guards,err,err
lokan_chest_piece,err,err
hexis_spurs,125,125
cephalon_suda_engineering_emote,115,115
hexis_armor_set,79.8,75
arbiters_gunnery_emote,115,115
new_loka_endurance_emote,70,70
arbiters_endurance_emote,115,115
secondary_deadhead,19.050847457627118,10
steel_meridian_gunnery_emote,82.5,82.5
ostron_leg_guards,err,err
meridian_leg_spurs,50,50
ostron_arm_guards,err,err
cephalon_suda_combat_emote,115,115
red_veil_piloting_emote,70,70
primary_deadhead,27.81132075471698,16
red_veil_armor_set,110,110.0
primary_dexterity,18.666666666666668,10
ambassador_barrel,7.8,4.5
ambassador_set,57.53333333333333,50
ambassador_receiver,7.166666666666667,4.5
ambassador_stock,7.5,5.0
ambassador_blueprint,51,45
nidus_prime_blueprint,7.75,5.0
meso_b5_relic,err,err
neo_n17_relic,12,12.0
strun_prime_set,36.035714285714285,23.5
meso_s10_relic,err,err
lith_k7_relic,err,err
lith_n8_relic,err,err
neo_p3_relic,15,15
magnus_prime_set,39,25.0
primed_magazine_warp,142.5744680851064,130
axi_m2_relic,50,50
nidus_prime_set,83.63636363636364,60.0
strun_prime_blueprint,14.777777777777779,10.0
axi_i2_relic,20,20.0
butchers_revelry,52.125,50.0
magnus_prime_blueprint,10.75,6.0
lith_n7_relic,err,err
strun_prime_receiver,5.909090909090909,5
meso_b6_relic,err,err
neo_t5_relic,6,6
strun_prime_barrel,7.181818181818182,5
nidus_prime_systems,7.375,5.0
strun_prime_stock,6.333333333333333,3.0
lith_t7_relic,10,10
axi_a14_relic,err,err
nidus_prime_neuroptics,46.06666666666667,40
nidus_prime_chassis,21.61904761904762,15
magnus_prime_receiver,5.894736842105263,5
magnus_prime_barrel,25.3,16.0
neo_n16_relic,4.75,4.5
ghoulsaw_blade,30,30
ghoulsaw_grip,20,20.0
ghoulsaw_engine,30,30
ghoulsaw_set,96.33333333333333,99
ghoulsaw_chassis,20,20.0
ghoulsaw_blueprint,30,30
primed_ammo_stock,207.05128205128204,180
vastilok,157.3409090909091,120.0
vampiric_grasp,25.75,17.5
champions_blessing,32.875,20.0
lith_l3_relic,err,err
swift_bite,40,35.0
meso_b7_relic,err,err
meso_p6_relic,err,err
neo_a6_relic,err,err
neo_h3_relic,30,30
lith_r1_relic,25,25
the_relentless_lost,21.333333333333332,15
lith_k8_relic,err,err
neo_d4_relic,err,err
axi_d3_relic,err,err
axi_m3_relic,err,err
lith_n9_relic,err,err
axi_p4_relic,50,50
knell_prime_set,39.60606060606061,26
boreals_contempt,28.8,25
niras_anguish,23.714285714285715,12.5
meso_a3_relic,2,2
axi_s9_relic,50,50
amars_contempt,22.952380952380953,15
scourge_prime_blade,6.466666666666667,5
lith_t8_relic,10,10
harrow_prime_blueprint,8.96774193548387,5
harrow_prime_set,59.47826086956522,45
meso_g3_relic,err,err
meso_i2_relic,8.5,7.0
amars_anguish,14.8,10
niras_hatred,28.529411764705884,20
knell_prime_barrel,23.2,15.0
axi_t8_relic,14.166666666666666,7.5
lith_h3_relic,err,err
axi_c7_relic,50,50
harrow_prime_neuroptics,11.692307692307692,9.5
scourge_prime_barrel,30.285714285714285,20
knell_prime_blueprint,6.0588235294117645,4
boreals_hatred,15.75,10.0
lith_s11_relic,err,err
neo_k4_relic,15,15
neo_n18_relic,11.666666666666666,10
amars_hatred,17.1,10.0
lith_t9_relic,4,4.0
boreals_anguish,20.4,10
harrow_prime_chassis,10.444444444444445,5.5
scourge_prime_set,58.458333333333336,40.0
niras_contempt,22.41176470588235,10
axi_k6_relic,35,35.0
harrow_prime_systems,24.043478260869566,19
lith_c9_relic,err,err
scourge_prime_handle,9,5
knell_prime_receiver,6.117647058823529,5
scourge_prime_blueprint,16.38888888888889,9.5
meso_s11_relic,err,err
thermal_transfer,25.833333333333332,20.0
neo_p4_relic,15,15
gourmand,22.75,15.0
praghasa_throne_room_scene,err,err
surging_blades,20.1,17.5
biting_frost,18.857142857142858,15
lith_n10_relic,10,10
primed_sniper_ammo_mutation,173.55263157894737,150.0
garuda_prime_chassis,9.692307692307692,5.0
corvas_prime_set,64.03703703703704,35
lith_n11_relic,3.6666666666666665,3
nagantaka_prime_set,44.975,30.0
axi_k7_relic,22.666666666666668,10
lith_s12_relic,4.333333333333333,3.0
corvas_prime_barrel,26.25,20.0
corvas_prime_blueprint,10.266666666666667,10
nagantaka_prime_receiver,6.894736842105263,5
nagantaka_prime_blueprint,24.076923076923077,15
lith_h4_relic,15,15
corvas_prime_stock,9.866666666666667,5
nagantaka_prime_stock,9.785714285714286,6.0
garuda_prime_systems,74.07692307692308,44
meso_g4_relic,9,9
axi_s11_relic,50,50
lith_z3_relic,4,4.0
corvas_prime_receiver,10.444444444444445,8
axi_s10_relic,err,err
lith_g5_relic,5,4.0
meso_p7_relic,err,err
lith_n12_relic,4.5,4.5
nagantaka_prime_barrel,17.4,10.0
garuda_prime_set,93.21621621621621,70
neo_n20_relic,11.666666666666666,10
garuda_prime_neuroptics,18.545454545454547,12.0
meso_n12_relic,err,err
axi_g7_relic,36.666666666666664,20
neo_c2_relic,2.8333333333333335,2.0
neo_m4_relic,2.5,2.0
garuda_prime_blueprint,17.142857142857142,10
zariman_chrysalith_scene,err,err
zariman_reliquary_drive_scene,err,err
zariman_lunaro_court_scene,err,err
emergence_dissipate,90.54545454545455,87.5
molt_vigor,100.02173913043478,95.0
galeforce_dawn,16.2,10.0
zariman_cargo_bay_scene,err,err
zariman_classroom_scene,err,err
zariman_angel_roost_scene,err,err
zariman_serenity_levels_scene,err,err
emergence_renewed,46.77272727272727,32.5
zariman_dormizone_scene,err,err
eternal_eradicate,81.90322580645162,90
zariman_hall_of_legems_scene,err,err
zariman_brig_scene,err,err
zariman_albrecht_park_scene,err,err
molt_efficiency,121.47368421052632,19.0
emergence_savior,56.3,30.0
zariman_agri_zone_scene,err,err
zariman_docking_bay_scene,err,err
cascadia_overcharge,111.28571428571429,100
range_advantage,239.5,239.5
combat_reload,199,199
zariman_habitation_zone_scene,err,err
zariman_amphitheatre_scene,err,err
laetum_blueprint,43.9,11.0
aeolak_receiver,79.8,69
hespar_handle,39.166666666666664,30.0
praedos_blueprint,49.4,17.5
aeolak_barrel,35.57142857142857,25
aeolak_set,253.33333333333334,225.0
hespar_set,273.6,248
hespar_blade,190.4,170.0
aeolak_stock,88.54545454545455,70
phenmor_blueprint,59.5,19.5
eternal_onslaught,95.05714285714286,100
dog_days_night_scene,200,200
innodem_blueprint,67.8,14
felarx_blueprint,45,18.5
molt_reconstruct,142.58333333333334,20.5
molt_augmented,135.632183908046,160
parallax_set,28.176470588235293,20
eternal_logistics,72.125,37.5
parallax_blueprint,err,err
parallax_avionics,9.25,7.0
parallax_engines,9.944444444444445,8.5
parallax_fuselage,10.411764705882353,9
cascadia_empowered,103.55,100.0
prisma_shade_set,205,245
fractalized_reset,85.11111111111111,80.0
xiphos_blueprint,30,30.0
cascadia_flare,95.51851851851852,20
mantis_blueprint,50,50
scimitar_blueprint,50,50
prisma_burst_laser,94.66666666666667,99
cascadia_accuracy,75.78947368421052,35
crescent_vulpaphyla_imprint,200,200
sly_vulpaphyla_imprint,118.33333333333333,40
medjay_predasite_imprint,200,200
vizier_predasite_imprint,112.5,112.5
panzer_vulpaphyla_imprint,116.875,80.0
pharaoh_predasite_imprint,112.5,112.5
hystrix_prime_blueprint,12.058823529411764,10
axi_k10_relic,5.5,5.5
axi_n8_relic,6,6
meso_o5_relic,err,err
meso_p8_relic,5,5.0
neo_n21_relic,4,2
khora_prime_chassis_blueprint,14.1,10.0
dual_keres_prime_set,89.76744186046511,70
axi_k9_relic,6.75,6.0
hystrix_prime_set,56,40
axi_g8_relic,5.8,5
meso_h3_relic,15,15
dual_keres_prime_handle,15,10.0
khora_prime_set,107.6,82.0
khora_prime_blueprint,33.2,23
neo_g4_relic,2.5,2.0
hystrix_prime_receiver,20.933333333333334,14
neo_d5_relic,2.3333333333333335,2.0
lith_k9_relic,9.5,9.5
axi_k8_relic,10.11111111111111,7
vile_discharge,63.8,69
meso_h2_relic,err,err
hystrix_prime_barrel,13.833333333333334,10.0
meso_v7_relic,2.5,2.5
khora_prime_neuroptics_blueprint,45.93333333333333,40
dual_keres_prime_blueprint,23.22222222222222,15.0
neo_s15_relic,2.5,2.0
axi_s12_relic,err,err
critical_precision,69.625,41.0
khora_prime_systems_blueprint,19,10.0
dual_keres_prime_blade,20.428571428571427,15.0
peculiar_audience,93.42857142857143,75
archon_intensify,133.95833333333334,155.0
lith_n13_relic,10,10
neo_z9_relic,err,err
archon_continuity,132.46875,154.5
meso_w2_relic,7,7
neo_e3_relic,8,8
archon_flow,170.05555555555554,171.0
archon_vitality,149.33333333333334,165
axi_t9_relic,7,7
archon_stretch,133.96428571428572,134.0
lith_s13_relic,9,9
lith_h6_relic,10.8,10
tatsu_prime_blade,27.25,20.0
neo_t6_relic,4.5,3.5
meso_p10_relic,5.5,5.0
revenant_prime_chassis_blueprint,17.52173913043478,15
revenant_prime_systems_blueprint,19.318181818181817,15.0
tatsu_prime_set,85.55,70.0
tatsu_prime_blueprint,11.2,10
meso_n13_relic,6.333333333333333,5
revenant_prime_set,86,70.5
phantasma_prime_barrel,34.94444444444444,29.5
lith_p6_relic,9.333333333333334,5.0
revenant_prime_neuroptics_blueprint,11.325581395348838,10
tatsu_prime_handle,52.42857142857143,40.0
meso_k4_relic,8,8
phantasma_prime_blueprint,22.285714285714285,18
phantasma_prime_set,112.7,90.0
lith_h5_relic,7.375,10.0
axi_t10_relic,12.285714285714286,9
phantasma_prime_receiver,11.833333333333334,9.5
axi_n9_relic,9.4,10
lith_r2_relic,9.666666666666666,10
revenant_prime_blueprint,28.227272727272727,22.0
meso_p9_relic,6.2,4
lith_s14_relic,7.166666666666667,8.5
phantasma_prime_stock,24.22222222222222,20
lith_b9_relic,err,err
axi_a15_relic,err,err
axi_s13_relic,err,err
neo_s16_relic,err,err
neo_i3_relic,err,err
meso_o6_relic,err,err
vericres,312.6666666666667,300
